{
	"conditions": [
	{
		"type": "forge:mod_loaded",
		"modid": "ad_astra"
	}
	],
    "entity": "ad_astra:martian_raptor",
    "variants": [],
    "name": "entity.ad_astra.martian_raptor",
    "name_color": "#48a33e",
    "gui_scale": 1,
    "gui_x_offset": 0,
    "gui_y_offset": 0,
    "gui_z_offset": 0,
    "sim_cost": 161,
    "input": {
        "item": "hostilenetworks:prediction_matrix"
    },
    "base_drop": {
        "item": "hostilenetworks:overworld_prediction"
    },
    "trivia": "custom.trivia.martian_raptor",
    "fabricator_drops": [
        {
			"optional": true,
            "item": "thermal:sulfur",
            "count": 8
        },
        {
			"optional": true,
            "item": "alexscaves:sulfur_dust",
            "count": 16
        },
        {
			"optional": true,
            "item": "alexscaves:toxic_paste",
            "count": 16
        }
    ]
}