{
  "type": "recipe",
  "count": 1,
  "crafter": "mechanic_crafting",
  "inputs": [
    {
      "count": 4,
      "item": "mekanism:alloy_infused"
    },
    {
      "count": 2,
      "item": "mekanism:energy_tablet"
    },
	{
      "count": 2,
      "item": "mekanism:ingot_osmium"
    },
	{
      "count": 1,
      "item": "mekanism:basic_energy_cube"
    }
  ],
  "intermediate": "minecraft:air",
  "min-building-level": 3,
  "research-id": "mcc:effects/mekanism_t2_unlock",
  "result": "mekanism:advanced_energy_cube"
}