{
  "type": "recipe",
  "count": 1,
  "crafter": "mechanic_crafting",
  "inputs": [
	{
      "count": 4,
      "item": "mekanism:alloy_infused"
    },
	{
      "count": 2,
      "item": "mekanism:osmium_ingot"
    },
	{
      "count": 1,
      "item": "minecraft:mangrove_planks"
    },
	{
      "count": 2,
      "item": "mekanism:advanced_control_circuit"
    }
  ],
  "intermediate": "minecraft:air",
  "min-building-level": 3,
  "research-id": "mcc:effects/mekanism_t2_unlock",
  "result": "mekanism:advanced_tier_installer"
}