{
  "type": "recipe",
  "count": 1,
  "crafter": "mechanic_crafting",
  "inputs": [
	{
      "count": 2,
      "item": "industrialforegoing:plastic"
    },
	{
      "count": 4,
      "item": "mekanism:alloy_infused"
    },
	{
      "count": 1,
      "item": "mekanism:alloy_atomic"
    },
	{
      "count": 1,
      "item": "mekanism:ingot_refined_obsidian"
    },
	{
      "count": 1,
      "item": "mekanism:energy_tablet"
    }
  ],
  "intermediate": "minecraft:air",
  "min-building-level": 2,
  "research-id": "mcc:effects/mekanism_t1_unlock",
  "result": "mekanism:atomic_disassembler"
}