{
  "type": "recipe",
  "count": 1,
  "crafter": "mechanic_crafting",
  "inputs": [
    {
      "count": 4,
      "item": "minecraft:redstone"
    },
    {
      "count": 2,
      "item": "mekanism:energy_tablet"
    },
	{
      "count": 2,
      "item": "minecraft:iron_ingot"
    },
	{
      "count": 1,
      "item": "mekanism:steel_casing"
    }
  ],
  "intermediate": "minecraft:air",
  "min-building-level": 3,
  "research-id": "mcc:effects/mekanism_t2_unlock",
  "result": "mekanism:basic_energy_cube"
}