{
  "type": "recipe",
  "count": 1,
  "crafter": "mechanic_crafting",
  "inputs": [
	{
      "count": 4,
      "item": "minecraft:redstone"
    },
	{
      "count": 2,
      "item": "minecraft:iron_ingot"
    },
	{
      "count": 1,
      "item": "minecraft:oak_planks"
    },
	{
      "count": 2,
      "item": "mekanism:basic_control_circuit"
    }
  ],
  "intermediate": "minecraft:air",
  "min-building-level": 2,
  "research-id": "mcc:effects/mekanism_t1_unlock",
  "result": "mekanism:basic_tier_installer"
}