{
  "type": "recipe",
  "count": 1,
  "crafter": "mechanic_crafting",
  "inputs": [
	{
      "count": 2,
      "item": "minecraft:redstone"
    },
	{
      "count": 2,
      "item": "mekanism:ingot_osmium"
    },
	{
      "count": 2,
      "item": "mekanism:bio_fuel"
    },
	{
      "count": 1,
      "item": "mekanism:alloy_infused"
    },
	{
      "count": 1,
      "item": "create:precision_mechanism"
    },
	{
      "count": 1,
      "item": "mekanism:basic_control_circuit"
    }
  ],
  "intermediate": "minecraft:air",
  "min-building-level": 3,
  "research-id": "mcc:effects/mekanism_t2_unlock",
  "result": "mekanismgenerators:bio_generator"
}