{
  "type": "recipe",
  "count": 1,
  "crafter": "mechanic_crafting",
  "inputs": [
    {
      "count": 1,
      "item": "minecraft:piston"
    },
    {
      "count": 1,
      "item": "create:blaze_cake"
    },
	{
      "count": 2,
      "item": "industrialforegoing:plastic"
    },
	{
      "count": 1,
      "item": "industrialforegoing:machine_frame_simple"
    },
	{
      "count": 2,
      "item": "create:precision_mechanism"
    },
	{
      "count": 2,
      "item": "thermal:gold_gear"
    }
  ],
  "intermediate": "minecraft:air",
  "min-building-level": 2,
  "research-id": "mcc:effects/industrial_t2_unlock",
  "result": "industrialforegoing:biofuel_generator"
}