{
  "type": "recipe",
  "count": 1,
  "crafter": "mechanic_crafting",
  "inputs": [
    {
      "count": 2,
      "item": "minecraft:netherite_scrap"
    },
    {
      "count": 2,
      "item": "architects_palette:nether_brass_ingot"
    },
	{
      "count": 2,
      "item": "industrialforegoing:plastic"
    },
	{
      "count": 1,
      "item": "industrialforegoing:machine_frame_pity"
    },
	{
      "count": 1,
      "item": "create:precision_mechanism"
    },
	{
      "count": 1,
      "item": "thermal:gold_gear"
    }
  ],
  "intermediate": "minecraft:air",
  "min-building-level": 2,
  "research-id": "mcc:effects/industrial_t2_unlock",
  "result": "industrialforegoing:bioreactor"
}