{
  "type": "recipe",
  "count": 1,
  "crafter": "mechanic_crafting",
  "inputs": [
	{
      "count": 3,
      "item": "minecraft:polished_blackstone_pressure_plate"
    },
	{
      "count": 2,
      "item": "thermal:steel_ingot"
    },
	{
      "count": 2,
      "item": "industrialforegoing:plastic"
    },
	{
      "count": 1,
      "item": "minecraft:copper_ingot"
    },
	{
      "count": 1,
      "item": "mekanism:energy_tablet"
    }
  ],
  "intermediate": "minecraft:air",
  "min-building-level": 2,
  "research-id": "mcc:effects/mekanism_t1_unlock",
  "result": "mekanism:chargepad"
}