{
  "type": "recipe",
  "count": 1,
  "crafter": "mechanic_crafting",
  "inputs": [
    {
      "count": 6,
      "item": "industrialforegoing:plastic"
    },
    {
      "count": 1,
      "item": "mekanism:ingot_osmium"
    },
	{
      "count": 2,
      "item": "mekanism:alloy_reinforced"
    },
	{
      "count": 1,
      "item": "create:brass_ingot"
    },
	{
      "count": 1,
      "item": "mekanism:elite_control_circuit"
    },
	{
      "count": 1,
      "item": "minecraft:cobblestone"
    },
	{
      "count": 1,
      "item": "mekanism:steel_casing"
    }
  ],
  "intermediate": "minecraft:air",
  "min-building-level": 5,
  "research-id": "mcc:effects/mekanism_t4_unlock",
  "result": "mekanism:combiner"
}