{
  "type": "recipe",
  "count": 1,
  "crafter": "mechanic_crafting",
  "inputs": [
    {
      "count": 6,
      "item": "industrialforegoing:plastic"
    },
    {
      "count": 1,
      "item": "mekanism:ingot_osmium"
    },
	{
      "count": 1,
      "item": "mekanism:alloy_atomic"
    },
	{
      "count": 1,
      "item": "create:mechanical_drill"
    },
	{
      "count": 1,
      "item": "mekanism:basic_control_circuit"
    },
	{
      "count": 1,
      "item": "mekanism:teleportation_core"
    },
	{
      "count": 1,
      "item": "mekanism:steel_casing"
    },
	{
      "count": 1,
      "item": "mekanism:logistical_sorter"
    },
	{
      "count": 1,
      "item": "mekanism:robit"
    }
  ],
  "intermediate": "minecraft:air",
  "min-building-level": 5,
  "research-id": "mcc:effects/mekanism_t4_unlock",
  "result": "mekanism:digital_miner"
}