{
  "type": "recipe",
  "count": 1,
  "crafter": "mechanic_crafting",
  "inputs": [
    {
      "count": 4,
      "item": "industrialforegoing:plastic"
    },
	{
      "count": 3,
      "item": "minecraft:black_dye"
    },
	{
      "count": 1,
      "item": "industrialforegoing:machine_frame_pity"
    },
	{
      "count": 1,
      "item": "thermal:gold_gear"
    }
  ],
  "intermediate": "minecraft:air",
  "min-building-level": 2,
  "research-id": "mcc:effects/industrial_t2_unlock",
  "result": "industrialforegoing:dye_mixer"
}