{
  "type": "recipe",
  "count": 1,
  "crafter": "mechanic_crafting",
  "inputs": [
    {
      "count": 2,
      "item": "mekanism:ingot_osmium"
    },
	{
      "count": 1,
      "item": "mekanism:alloy_infused"
    },
	{
      "count": 1,
      "item": "industrialforegoing:plastic"
    },
	{
      "count": 1,
      "item": "minecraft:bucket"
    },
	{
      "count": 1,
      "item": "mekanism:steel_casing"
    }
  ],
  "intermediate": "minecraft:air",
  "min-building-level": 3,
  "research-id": "mcc:effects/mekanism_t2_unlock",
  "result": "mekanism:electric_pump"
}