{
  "type": "recipe",
  "count": 1,
  "crafter": "mechanic_crafting",
  "inputs": [
    {
      "count": 6,
      "item": "industrialforegoing:plastic"
    },
    {
      "count": 2,
      "item": "mekanism:ingot_osmium"
    },
	{
      "count": 2,
      "item": "create:brass_ingot"
    },
	{
      "count": 1,
      "item": "mekanism:alloy_infused"
    },
	{
      "count": 1,
      "item": "minecraft:redstone"
    },
	{
      "count": 1,
      "item": "mekanism:electrolytic_core"
    }
  ],
  "intermediate": "minecraft:air",
  "min-building-level": 4,
  "research-id": "mcc:effects/mekanism_t3_unlock",
  "result": "mekanism:electrolytic_separator"
}