{
  "type": "recipe",
  "count": 1,
  "crafter": "mechanic_crafting",
  "inputs": [
    {
      "count": 5,
      "item": "mekanismgenerators:fusion_reactor_frame"
    },
    {
      "count": 2,
      "item": "mekanism:ultimate_control_circuit"
    },
    {
      "count": 1,
      "item": "mekanism:basic_chemical_tank"
    },
    {
      "count": 1,
      "item": "minecraft:glass_pane"
    }
  ],
  "intermediate": "minecraft:air",
  "min-building-level": 5,
  "research-id": "mcc:effects/mekanism_t4_unlock",
  "result": "mekanismgenerators:fusion_reactor_controller"
}