{
  "type": "recipe",
  "count": 1,
  "crafter": "mechanic_crafting",
  "inputs": [
	{
      "count": 3,
      "item": "minecraft:iron_ingot"
    },
	{
      "count": 1,
      "item": "mekanism:ingot_osmium"
    },
	{
      "count": 2,
      "item": "minecraft:birch_planks"
    },
	{
      "count": 2,
      "item": "create:brass_ingot"
    },
	{
      "count": 1,
      "item": "minecraft:furnace"
    }
  ],
  "intermediate": "minecraft:air",
  "min-building-level": 1,
  "research-id": "mcc:effects/mekanism_t1_unlock",
  "result": "mekanismgenerators:heat_generator"
}