{
  "type": "recipe",
  "count": 1,
  "crafter": "mechanic_crafting",
  "inputs": [
    {
      "count": 1,
      "item": "industrialforegoing:fertilizer"
    },
    {
      "count": 2,
      "item": "minecraft:iron_hoe"
    },
	{
      "count": 2,
      "item": "industrialforegoing:plastic"
    },
	{
      "count": 1,
      "item": "industrialforegoing:machine_frame_simple"
    },
	{
      "count": 2,
      "item": "thermal:gold_gear"
    },
	{
      "count": 1,
      "item": "minecraft:dirt"
    }
  ],
  "intermediate": "minecraft:air",
  "min-building-level": 3,
  "research-id": "mcc:effects/industrial_t3_unlock",
  "result": "industrialforegoing:hydroponic_bed"
}