{
  "type": "recipe",
  "count": 1,
  "crafter": "mechanic_crafting",
  "inputs": [
	{
      "count": 2,
      "item": "industrialforegoing:plastic"
    },
	{
      "count": 3,
      "item": "mekanism:alloy_reinforced"
    },
	{
      "count": 1,
      "item": "mekanism:energy_tablet"
    },
	{
      "count": 1,
      "item": "mekanism:steel_casing"
    },
	{
      "count": 1,
      "item": "minecraft:diamond"
    }
  ],
  "intermediate": "minecraft:air",
  "min-building-level": 5,
  "research-id": "mcc:effects/mekanism_t4_unlock",
  "result": "mekanism:laser"
}