{
  "type": "recipe",
  "count": 1,
  "crafter": "mechanic_crafting",
  "inputs": [
	{
      "count": 4,
      "item": "industrialforegoing:plastic"
    },
	{
      "count": 2,
      "item": "thermal:steel_ingot"
    },
	{
      "count": 1,
      "item": "create:brass_ingot"
    },
	{
      "count": 1,
      "item": "mekanism:laser_amplifier"
    },
	{
      "count": 1,
      "item": "mekanism:personal_chest"
    }
  ],
  "intermediate": "minecraft:air",
  "min-building-level": 5,
  "research-id": "mcc:effects/mekanism_t4_unlock",
  "result": "mekanism:laser_tractor_beam"
}