{
  "type": "recipe",
  "count": 1,
  "crafter": "mechanic_crafting",
  "inputs": [
    {
      "count": 4,
      "item": "minecraft:iron_ingot"
    },
    {
      "count": 2,
      "item": "minecraft:bucket"
    },
	{
      "count": 1,
      "item": "minecraft:redstone_block"
    },
	{
      "count": 1,
      "item": "industrialforegoing:machine_frame_pity"
    },
	{
      "count": 1,
      "item": "create:blaze_burner"
    }
  ],
  "intermediate": "minecraft:air",
  "min-building-level": 1,
  "research-id": "mcc:effects/industrial_t1_unlock",
  "result": "industrialforegoing:latex_processing_unit"
}