{
  "type": "recipe",
  "count": 1,
  "crafter": "mechanic_crafting",
  "inputs": [
    {
      "count": 2,
      "item": "industrialforegoing:plastic"
    },
    {
      "count": 2,
      "item": "minecraft:diamond"
    },
	{
      "count": 2,
      "item": "minecraft:netherite_ingot"
    },
	{
      "count": 1,
      "item": "industrialforegoing:machine_frame_advanced"
    },
	{
      "count": 1,
      "item": "thermal:diamond_gear"
    },
	{
      "count": 1,
      "item": "industrialforegoing:ether_gas_bucket"
    }
  ],
  "intermediate": "minecraft:air",
  "min-building-level": 4,
  "research-id": "mcc:effects/industrial_t4_unlock",
  "result": "industrialforegoing:machine_frame_supreme"
}