{
  "type": "recipe",
  "count": 1,
  "crafter": "mechanic_crafting",
  "inputs": [
    {
      "count": 2,
      "item": "industrialforegoing:plastic"
    },
	{
      "count": 1,
      "item": "minecraft:diamond_pickaxe"
    },
	{
      "count": 1,
      "item": "minecraft:furnace"
    },
	{
      "count": 2,
      "item": "thermal:gold_gear"
    },
	{
      "count": 1,
      "item": "industrialforegoing:machine_frame_advanced"
    },
	{
      "count": 1,
      "item": "industrialforegoing:pink_slime"
    },
	{
      "count": 1,
      "item": "minecraft:crafting_table"
    }
  ],
  "intermediate": "minecraft:air",
  "min-building-level": 3,
  "research-id": "mcc:effects/industrial_t3_unlock",
  "result": "industrialforegoing:material_stonework_factory"
}