{
  "type": "recipe",
  "count": 1,
  "crafter": "mechanic_crafting",
  "inputs": [
    {
      "count": 12,
      "item": "industrialforegoing:plastic"
    },
    {
      "count": 2,
      "item": "mekanism:ultimate_control_circuit"
    },
	{
      "count": 2,
      "item": "create:brass_ingot"
    },
	{
      "count": 2,
      "item": "mekanism:ingot_osmium"
    },
	{
      "count": 2,
      "item": "mekanism:pellet_polonium"
    },
	{
      "count": 1,
      "item": "mekanism:basic_induction_cell"
    },
	{
      "count": 2,
      "item": "mekanism:hdpe_sheet"
    },
	{
      "count": 1,
      "item": "mekanism:atomic_disassembler"
    },
	{
      "count": 1,
      "item": "mekanism:configurator"
    }
  ],
  "intermediate": "minecraft:air",
  "min-building-level": 5,
  "research-id": "mcc:effects/mekanism_t5_unlock",
  "result": "mekanism:meka_tool"
}