{
  "type": "recipe",
  "count": 1,
  "crafter": "mechanic_crafting",
  "inputs": [
    {
      "count": 3,
      "item": "industrialforegoing:plastic"
    },
	{
      "count": 2,
      "item": "minecraft:repeater"
    },
	{
      "count": 1,
      "item": "industrialforegoing:machine_frame_advanced"
    },
	{
      "count": 1,
      "item": "minecraft:comparator"
    },
	{
      "count": 2,
      "item": "minecraft:observer"
    }
  ],
  "intermediate": "minecraft:air",
  "min-building-level": 2,
  "research-id": "mcc:effects/industrial_t2_unlock",
  "result": "industrialforegoing:mob_detector"
}