{
  "type": "recipe",
  "count": 1,
  "crafter": "mechanic_crafting",
  "inputs": [
    {
      "count": 1,
      "item": "minecraft:nether_wart"
    },
    {
      "count": 2,
      "item": "minecraft:magma_cream"
    },
	{
      "count": 2,
      "item": "industrialforegoing:plastic"
    },
	{
      "count": 1,
      "item": "industrialforegoing:machine_frame_advanced"
    },
	{
      "count": 2,
      "item": "minecraft:emerald"
    },
	{
      "count": 1,
      "item": "minecraft:redstone"
    }
  ],
  "intermediate": "minecraft:air",
  "min-building-level": 3,
  "research-id": "mcc:effects/industrial_t3_unlock",
  "result": "industrialforegoing:mob_duplicator"
}