{
  "type": "recipe",
  "count": 1,
  "crafter": "mechanic_crafting",
  "inputs": [
	{
      "count": 2,
      "item": "mekanism:pellet_polonium"
    },
	{
      "count": 1,
      "item": "mekanism:module_base"
    },
	{
      "count": 2,
      "item": "mekanism:alloy_atomic"
    },
	{
      "count": 2,
      "item": "mekanism:ultimate_control_circuit"
    },
	{
      "count": 1,
      "item": "mekanism:pellet_antimatter"
    },
	{
      "count": 1,
      "item": "minecraft:arrow"
    }
  ],
  "intermediate": "minecraft:air",
  "min-building-level": 5,
  "research-id": "mcc:effects/mekanism_t4_unlock",
  "result": "mekaweapons:module_gravitydampener_unit"
}