{
  "type": "recipe",
  "count": 1,
  "crafter": "mechanic_crafting",
  "inputs": [
	{
      "count": 4,
      "item": "mekanism:alloy_atomic"
    },
	{
      "count": 3,
      "item": "mekanism:pellet_antimatter"
    },
	{
      "count": 1,
      "item": "mekanism:module_base"
    },
	{
      "count": 1,
      "item": "mekanism:teleportation_core"
    }
  ],
  "intermediate": "minecraft:air",
  "min-building-level": 5,
  "research-id": "mcc:effects/mekanism_t4_unlock",
  "result": "mekanism:module_teleportation_unit"
}