{
  "type": "recipe",
  "count": 1,
  "crafter": "mechanic_crafting",
  "inputs": [
	{
      "count": 3,
      "item": "mekanism:pellet_polonium"
    },
	{
      "count": 1,
      "item": "mekanism:module_base"
    },
	{
      "count": 2,
      "item": "minecraft:diamond_pickaxe"
    },
	{
      "count": 2,
      "item": "mekanism:alloy_reinforced"
    },
	{
      "count": 1,
      "item": "mekanism:block_refined_glowstone"
    }
  ],
  "intermediate": "minecraft:air",
  "min-building-level": 4,
  "research-id": "mcc:effects/mekanism_t3_unlock",
  "result": "mekanism:module_silk_touch_unit"
}