{
  "type": "recipe",
  "count": 1,
  "crafter": "mechanic_crafting",
  "inputs": [
	{
      "count": 3,
      "item": "mekanism:pellet_polonium"
    },
	{
      "count": 1,
      "item": "mekanism:module_base"
    },
	{
      "count": 2,
      "item": "mekanism:elite_control_circuit"
    },
	{
      "count": 2,
      "item": "mekanism:energy_tablet"
    },
	{
      "count": 1,
      "item": "minecraft:arrow"
    }
  ],
  "intermediate": "minecraft:air",
  "min-building-level": 4,
  "research-id": "mcc:effects/mekanism_t3_unlock",
  "result": "mekaweapons:module_arrowenergy_unit"
}