{
  "type": "recipe",
  "count": 1,
  "crafter": "mechanic_crafting",
  "inputs": [
	{
      "count": 5,
      "item": "minecraft:snowball"
    },
	{
      "count": 2,
      "item": "minecraft:redstone"
    },
	{
      "count": 1,
      "item": "minecraft:ice"
    },
	{
      "count": 1,
      "item": "industrialforegoing:machine_frame_advanced"
    }
  ],
  "intermediate": "minecraft:air",
  "min-building-level": 3,
  "research-id": "mcc:effects/industrial_t3_unlock",
  "result": "industrialforegoing:mycelial_frosty"
}