{
  "type": "recipe",
  "count": 1,
  "crafter": "mechanic_crafting",
  "inputs": [
	{
      "count": 5,
      "item": "create:brass_ingot"
    },
	{
      "count": 2,
      "item": "minecraft:redstone"
    },
	{
      "count": 1,
      "item": "industrialforegoing:meat_bucket"
    },
	{
      "count": 1,
      "item": "industrialforegoing:machine_frame_supreme"
    }
  ],
  "intermediate": "minecraft:air",
  "min-building-level": 4,
  "research-id": "mcc:effects/industrial_t4_unlock",
  "result": "industrialforegoing:mycelial_meatallurgic"
}