{
  "type": "recipe",
  "count": 1,
  "crafter": "mechanic_crafting",
  "inputs": [
    {
      "count": 1,
      "item": "minecraft:nether_star"
    },
	{
      "count": 2,
      "item": "industrialforegoing:plastic"
    },
	{
      "count": 1,
      "item": "industrialforegoing:machine_frame_supreme"
    },
	{
      "count": 2,
      "item": "minecraft:netherite_ingot"
    },
	{
      "count": 2,
      "item": "thermal:diamond_gear"
    }
  ],
  "intermediate": "minecraft:air",
  "min-building-level": 5,
  "research-id": "mcc:effects/industrial_t5_unlock",
  "result": "industrialforegoing:mycelial_reactor"
}