{
  "type": "recipe",
  "count": 1,
  "crafter": "mechanic_crafting",
  "inputs": [
	{
      "count": 4,
      "item": "industrialforegoing:plastic"
    },
	{
      "count": 2,
      "item": "mekanism:alloy_infused"
    },
	{
      "count": 1,
      "item": "minecraft:glass"
    },
	{
      "count": 1,
      "item": "thermal:steel_ingot"
    },
	{
      "count": 1,
      "item": "mekanism:energy_tablet"
    }
  ],
  "intermediate": "minecraft:air",
  "min-building-level": 3,
  "research-id": "mcc:effects/mekanism_t2_unlock",
  "result": "mekanism:network_reader"
}