{
  "type": "recipe",
  "count": 1,
  "crafter": "mechanic_crafting",
  "inputs": [
    {
      "count": 1,
      "item": "minecraft:diamond_pickaxe"
    },
    {
      "count": 1,
      "item": "minecraft:redstone"
    },
	{
      "count": 2,
      "item": "industrialforegoing:plastic"
    },
	{
      "count": 1,
      "item": "industrialforegoing:machine_frame_advanced"
    },
	{
      "count": 2,
      "item": "minecraft:deepslate_iron_ore"
    },
	{
      "count": 2,
      "item": "thermal:diamond_gear"
    }
  ],
  "intermediate": "minecraft:air",
  "min-building-level": 3,
  "research-id": "mcc:effects/industrial_t3_unlock",
  "result": "industrialforegoing:ore_laser_base"
}