{
  "type": "recipe",
  "count": 1,
  "crafter": "mechanic_crafting",
  "inputs": [
	{
      "count": 4,
      "item": "thermal:steel_ingot"
    },
	{
      "count": 2,
      "item": "mekanism:basic_control_circuit"
    },
	{
      "count": 1,
      "item": "minecraft:chest"
    },
	{
      "count": 1,
      "item": "minecraft:glass_pane"
    },
	{
      "count": 1,
      "item": "mekanism:dictionary"
    }
  ],
  "intermediate": "minecraft:air",
  "min-building-level": 2,
  "research-id": "mcc:effects/mekanism_t1_unlock",
  "result": "mekanism:oredictionificator"
}