{
  "type": "recipe",
  "count": 1,
  "crafter": "mechanic_crafting",
  "inputs": [
    {
      "count": 6,
      "item": "industrialforegoing:plastic"
    },
    {
      "count": 2,
      "item": "minecraft:redstone"
    },
	{
      "count": 1,
      "item": "mekanism:basic_control_circuit"
    },
	{
      "count": 1,
      "item": "minecraft:flint"
    },
	{
      "count": 1,
      "item": "mekanism:ingot_osmium"
    },
	{
      "count": 1,
      "item": "create:brass_ingot"
    },
	{
      "count": 1,
      "item": "mekanism:steel_casing"
    }
  ],
  "intermediate": "minecraft:air",
  "min-building-level": 3,
  "research-id": "mcc:effects/mekanism_t2_unlock",
  "result": "mekanism:pigment_extractor"
}