{
  "type": "recipe",
  "count": 1,
  "crafter": "mechanic_crafting",
  "inputs": [
    {
      "count": 2,
      "item": "industrialforegoing:plastic"
    },
	{
      "count": 1,
      "item": "minecraft:redstone"
    },
    {
      "count": 2,
      "item": "minecraft:leather"
    },
	{
      "count": 1,
      "item": "minecraft:glass_bottle"
    },
	{
      "count": 1,
      "item": "industrialforegoing:machine_frame_simple"
    },
	{
      "count": 2,
      "item": "thermal:iron_gear"
    }
  ],
  "intermediate": "minecraft:air",
  "min-building-level": 3,
  "research-id": "mcc:effects/industrial_t3_unlock",
  "result": "industrialforegoing:plant_fertilizer"
}