{
  "type": "recipe",
  "count": 1,
  "crafter": "mechanic_crafting",
  "inputs": [
	{
      "count": 4,
      "item": "industrialforegoing:plastic"
    },
	{
      "count": 2,
      "item": "mekanism:energy_tablet"
    },
	{
      "count": 2,
      "item": "mekanism:basic_control_circuit"
    },
	{
      "count": 1,
      "item": "mekanism:teleportation_core"
    }
  ],
  "intermediate": "minecraft:air",
  "min-building-level": 5,
  "research-id": "mcc:effects/mekanism_t4_unlock",
  "result": "mekanism:portable_teleporter"
}