{
  "type": "recipe",
  "count": 1,
  "crafter": "mechanic_crafting",
  "inputs": [
	{
      "count": 2,
      "item": "industrialforegoing:plastic"
    },
	{
      "count": 2,
      "item": "mekanism:pellet_polonium"
    },
	{
      "count": 1,
      "item": "mekanism:ultimate_control_circuit"
    },
	{
      "count": 1,
      "item": "mekanism:teleportation_core"
    },
	{
      "count": 1,
      "item": "minecraft:redstone"
    },
	{
      "count": 1,
      "item": "minecraft:redstone_torch"
    }
  ],
  "intermediate": "minecraft:air",
  "min-building-level": 5,
  "research-id": "mcc:effects/mekanism_t4_unlock",
  "result": "mekanism:qio_redstone_adapter"
}