{
  "type": "recipe",
  "count": 1,
  "crafter": "mechanic_crafting",
  "inputs": [
    {
      "count": 4,
      "item": "industrialforegoing:plastic"
    },
	{
      "count": 2,
      "item": "minecraft:furnace"
    },
	{
      "count": 1,
      "item": "industrialforegoing:machine_frame_pity"
    },
	{
      "count": 1,
      "item": "minecraft:bucket"
    },
	{
      "count": 1,
      "item": "thermal:gold_gear"
    }
  ],
  "intermediate": "minecraft:air",
  "min-building-level": 1,
  "research-id": "mcc:effects/industrial_t1_unlock",
  "result": "industrialforegoing:resourceful_furnace"
}