{
  "type": "recipe",
  "count": 1,
  "crafter": "mechanic_crafting",
  "inputs": [
	{
      "count": 3,
      "item": "mekanismgenerators:solar_panel"
    },
	{
      "count": 2,
      "item": "mekanism:ingot_osmium"
    },
	{
      "count": 2,
      "item": "mekanism:alloy_infused"
    },
	{
      "count": 1,
      "item": "create:brass_ingot"
    },
	{
      "count": 1,
      "item": "mekanism:energy_tablet"
    }
  ],
  "intermediate": "minecraft:air",
  "min-building-level": 2,
  "research-id": "mcc:effects/mekanism_t1_unlock",
  "result": "mekanismgenerators:solar_generator"
}