{
  "type": "recipe",
  "count": 1,
  "crafter": "mechanic_crafting",
  "inputs": [
    {
      "count": 3,
      "item": "minecraft:soul_sand"
    },
	{
      "count": 2,
      "item": "minecraft:ghast_tear"
    },
	{
      "count": 1,
      "item": "industrialforegoing:machine_frame_advanced"
    },
	{
      "count": 1,
      "item": "minecraft:piston"
    },
	{
      "count": 2,
      "item": "thermal:gold_gear"
    }
  ],
  "intermediate": "minecraft:air",
  "min-building-level": 3,
  "research-id": "mcc:effects/industrial_t3_unlock",
  "result": "industrialforegoing:stasis_chamber"
}