{
  "type": "recipe",
  "count": 1,
  "crafter": "mechanic_crafting",
  "inputs": [
    {
      "count": 4,
      "item": "thermal:steel_ingot"
    },
    {
      "count": 4,
      "item": "minecraft:glass"
    },
	{
      "count": 1,
      "item": "mekanism:ingot_osmium"
    },
	{
      "count": 1,
      "item": "industrialforegoing:ether_gas_bucket"
    }
  ],
  "intermediate": "minecraft:air",
  "min-building-level": 3,
  "research-id": "mcc:effects/mekanism_t2_unlock",
  "result": "mekanism:steel_casing"
}