{
  "type": "recipe",
  "count": 1,
  "crafter": "mechanic_crafting",
  "inputs": [
    {
      "count": 3,
      "item": "mekanism:pellet_polonium"
    },
    {
      "count": 3,
      "item": "minecraft:copper_ingot"
    },
	{
      "count": 2,
      "item": "mekanism:ultimate_control_circuit"
    },
	{
      "count": 1,
      "item": "mekanism:laser"
    }
  ],
  "intermediate": "minecraft:air",
  "min-building-level": 5,
  "research-id": "mcc:effects/mekanism_t4_unlock",
  "result": "mekanism:supercharged_coil"
}