{
  "type": "recipe",
  "count": 1,
  "crafter": "mechanic_crafting",
  "inputs": [
    {
      "count": 6,
      "item": "industrialforegoing:plastic"
    },
    {
      "count": 2,
      "item": "thermal:steel_ingot"
    },
	{
      "count": 2,
      "item": "create:brass_ingot"
    },
	{
      "count": 2,
      "item": "mekanism:basic_control_circuit"
    },
	{
      "count": 1,
      "item": "mekanism:teleportation_core"
    }
  ],
  "intermediate": "minecraft:air",
  "min-building-level": 4,
  "research-id": "mcc:effects/mekanism_t3_unlock",
  "result": "mekanism:teleporter"
}