{
  "type": "recipe",
  "count": 1,
  "crafter": "mechanic_crafting",
  "inputs": [
    {
      "count": 5,
      "item": "mekanism:thermal_evaporation_block"
    },
    {
      "count": 2,
      "item": "mekanism:advanced_control_circuit"
    },
	{
      "count": 1,
      "item": "minecraft:bucket"
    },
	{
      "count": 1,
      "item": "minecraft:glass_pane"
    }
  ],
  "intermediate": "minecraft:air",
  "min-building-level": 3,
  "research-id": "mcc:effects/mekanism_t2_unlock",
  "result": "mekanism:thermal_evaporation_controller"
}