{
  "type": "recipe",
  "count": 1,
  "crafter": "mechanic_crafting",
  "inputs": [
    {
      "count": 4,
      "item": "mekanism:alloy_atomic"
    },
    {
      "count": 2,
      "item": "mekanism:energy_tablet"
    },
	{
      "count": 2,
      "item": "minecraft:diamond"
    },
	{
      "count": 1,
      "item": "mekanism:elite_energy_cube"
    }
  ],
  "intermediate": "minecraft:air",
  "min-building-level": 5,
  "research-id": "mcc:effects/mekanism_t4_unlock",
  "result": "mekanism:ultimate_energy_cube"
}