{
  "type": "recipe",
  "count": 1,
  "crafter": "mechanic_crafting",
  "inputs": [
	{
      "count": 2,
      "item": "minecraft:glass"
    },
	{
      "count": 1,
      "item": "mekanism:alloy_infused"
    },
	{
      "count": 1,
      "item": "minecraft:water_bucket"
    },
	{
      "count": 1,
      "item": "minecraft:lava_bucket"
    }
  ],
  "intermediate": "minecraft:air",
  "min-building-level": 2,
  "research-id": "mcc:effects/mekanism_t1_unlock",
  "result": "mekanism:upgrade_stone_generator"
}