{
  "type": "recipe",
  "count": 1,
  "crafter": "mechanic_crafting",
  "inputs": [
    {
      "count": 1,
      "item": "minecraft:nether_star"
    },
	{
      "count": 2,
      "item": "industrialforegoing:plastic"
    },
	{
      "count": 1,
      "item": "industrialforegoing:machine_frame_supreme"
    },
	{
      "count": 2,
      "item": "minecraft:wither_skeleton_skull"
    },
	{
      "count": 3,
      "item": "minecraft:soul_sand"
    }
  ],
  "intermediate": "minecraft:air",
  "min-building-level": 4,
  "research-id": "mcc:effects/industrial_t3_unlock",
  "result": "industrialforegoing:wither_builder"
}