{
	"conditions": [
	{
		"type": "forge:mod_loaded",
		"modid": "alexscaves"
	}
	],
    "entity": "alexscaves:luxtructosaurus",
    "name": "entity.alexscaves.luxtructosaurus",
    "name_color": "#6c0c0c",
    "gui_scale": 0.15,
    "gui_x_offset": 0,
    "gui_y_offset": 0,
    "gui_z_offset": 0,
    "sim_cost": 512,
    "input": {
        "item": "hostilenetworks:prediction_matrix",
		"count": 4
    },
    "base_drop": {
        "item": "hostilenetworks:overworld_prediction"
    },
    "trivia": "custom.trivia.luxtructosaurus",
    "fabricator_drops": [
        {
            "item": "alexscaves:dinosaur_chop",
            "count": 8
        },
        {
            "item": "alexscaves:tectonic_shard",
            "count": 8
        }
    ],
    "tier_data": [
		32,
        96,
        256,
        1280
    ],
    "data_per_kill": [
        16,
        32,
        64,
        256
    ]
}