{
	"conditions": [
	{
		"type": "forge:mod_loaded",
		"modid": "alexscaves"
	}
	],
    "entity": "alexscaves:subterranodon",
    "name": "entity.alexscaves.subterranodon",
    "name_color": "#006f70",
    "gui_scale": 0.5,
    "gui_x_offset": 0,
    "gui_y_offset": 0,
    "gui_z_offset": 0,
    "sim_cost": 128,
    "input": {
        "item": "hostilenetworks:prediction_matrix"
    },
    "base_drop": {
        "item": "hostilenetworks:overworld_prediction"
    },
    "trivia": "custom.trivia.subterranodon",
    "fabricator_drops": [
        {
            "item": "alexscaves:subterranodon_egg",
            "count": 4
        },
        {
            "item": "minecraft:feather",
            "count": 16
        }
    ],
    "tier_data": [
		16,
        64,
        128,
        384
    ],
    "data_per_kill": [
        4,
        8,
        8,
        16
    ]
}