{
	"conditions": [
	{
		"type": "forge:mod_loaded",
		"modid": "upgrade_aquatic"
	}
	],
    "entity": "upgrade_aquatic:lionfish",
    "name": "entity.upgrade_aquatic.lionfish",
    "name_color": "#ce0a00",
    "gui_scale": 1,
    "gui_x_offset": 0,
    "gui_y_offset": 0,
    "gui_z_offset": 0,
    "sim_cost": 32,
    "input": {
        "item": "hostilenetworks:prediction_matrix"
    },
    "base_drop": {
        "item": "hostilenetworks:overworld_prediction"
    },
    "trivia": "custom.trivia.lionfish",
    "fabricator_drops": [
        {
            "item": "upgrade_aquatic:lionfish",
            "count": 32
        },
        {
            "item": "minecraft:bone_meal",
            "count": 2
        }
    ]
}