{
	"conditions": [
	{
		"type": "forge:mod_loaded",
		"modid": "upgrade_aquatic"
	}
	],
    "entity": "upgrade_aquatic:nautilus",
    "name": "entity.upgrade_aquatic.nautilus",
    "name_color": "#a48269",
    "gui_scale": 1,
    "gui_x_offset": 0,
    "gui_y_offset": 0,
    "gui_z_offset": 0,
    "sim_cost": 32,
    "input": {
        "item": "hostilenetworks:prediction_matrix"
    },
    "base_drop": {
        "item": "hostilenetworks:overworld_prediction"
    },
    "trivia": "custom.trivia.nautilus",
    "fabricator_drops": [
        {
            "item": "minecraft:nautilus_shell",
            "count": 16
        }
    ]
}