{
	"conditions": [
	{
		"type": "forge:mod_loaded",
		"modid": "upgrade_aquatic"
	}
	],
    "entity": "upgrade_aquatic:thrasher",
    "name": "entity.upgrade_aquatic.thrasher",
    "name_color": "#416c7e",
    "gui_scale": 0.62,
    "gui_x_offset": 0,
    "gui_y_offset": 0,
    "gui_z_offset": 0,
    "sim_cost": 132,
    "input": {
        "item": "hostilenetworks:prediction_matrix"
    },
    "base_drop": {
        "item": "hostilenetworks:overworld_prediction"
    },
    "trivia": "custom.trivia.thrasher",
    "fabricator_drops": [
        {
            "item": "upgrade_aquatic:thrasher_tooth",
            "count": 8
        }
    ],
    "tier_data": [
        12,
        64,
        512,
        1152
    ],
    "data_per_kill": [
        3,
        8,
        32,
        48
    ]
}