{
	"conditions": [
	{
		"type": "forge:mod_loaded",
		"modid": "outer_end"
	}
	],
    "entity": "outer_end:sinker",
    "name": "entity.outer_end.sinker",
    "name_color": "#9ba3a9",
    "gui_scale": 0.9,
    "gui_x_offset": 0,
    "gui_y_offset": 0,
    "gui_z_offset": 0,
    "sim_cost": 128,
    "input": {
        "item": "hostilenetworks:prediction_matrix",
        "count": 1
    },
    "base_drop": {
        "item": "hostilenetworks:end_prediction",
        "count": 1
    },
    "trivia": "custom.trivia.sinker",
    "fabricator_drops": [
        {
            "item": "outer_end:sinker_tooth",
            "count": 16
        },
		{
            "item": "outer_end:halite_crystal",
            "count": 32
        }
    ]
}