{
	"conditions": [
	{
		"type": "forge:mod_loaded",
		"modid": "quark"
	}
	],
    "entity": "quark:toretoise",
    "name": "entity.quark.toretoise",
    "name_color": "#838383",
    "gui_scale": 0.7,
    "gui_x_offset": 0,
    "gui_y_offset": 0,
    "gui_z_offset": 0,
    "sim_cost": 192,
    "input": {
        "item": "hostilenetworks:prediction_matrix"
    },
    "base_drop": {
        "item": "hostilenetworks:overworld_prediction"
    },
	"trivia": "custom.trivia.toretoise",
	"fabricator_drops": [
		{
            "item": "minecraft:coal",
            "count": 4
        },
		{
            "item": "minecraft:lapis_lazuli",
            "count": 6
        },
		{
            "item": "minecraft:redstone",
            "count": 6
        },
		{
            "item": "minecraft:raw_copper",
            "count": 8
        },
		{
            "item": "minecraft:raw_iron",
            "count": 8
        }
    ]
}