{
	"conditions": [
	{
		"type": "forge:mod_loaded",
		"modid": "alexscaves"
	}
	],
    "entity": "alexscaves:boundroid",
    "variants": [
		"alexscaves:boundroid_winch"
	],
    "name": "entity.alexscaves.boundroid",
    "name_color": "#a71516",
    "gui_scale": 1,
    "gui_x_offset": 0,
    "gui_y_offset": 0,
    "gui_z_offset": 0,
    "sim_cost": 192,
    "input": {
        "item": "hostilenetworks:prediction_matrix"
    },
    "base_drop": {
        "item": "hostilenetworks:overworld_prediction"
    },
    "trivia": "custom.trivia.boundroid",
    "fabricator_drops": [
        {
            "item": "alexscaves:heavyweight",
            "count": 4
        },
        {
            "item": "minecraft:chain",
            "count": 32
        }
    ],
    "tier_data": [
		16,
        64,
        128,
        384
    ],
    "data_per_kill": [
        4,
        8,
        8,
        16
    ]
}