{
	"conditions": [
	{
		"type": "forge:mod_loaded",
		"modid": "alexscaves"
	}
	],
    "entity": "alexscaves:magnetron",
    "name": "entity.alexscaves.magnetron",
    "name_color": "#a19d94",
    "gui_scale": 0.65,
    "gui_x_offset": 0,
    "gui_y_offset": 0,
    "gui_z_offset": 0,
    "sim_cost": 512,
    "input": {
        "item": "hostilenetworks:prediction_matrix"
    },
    "base_drop": {
        "item": "hostilenetworks:overworld_prediction"
    },
    "trivia": "custom.trivia.magnetron",
    "fabricator_drops": [
        {
            "item": "alexscaves:heart_of_iron",
            "count": 1
        },
        {
            "item": "minecraft:iron_ingot",
            "count": 16
        }
    ],
    "tier_data": [
		32,
        96,
        256,
        1280
    ],
    "data_per_kill": [
        16,
        32,
        64,
        256
    ]
}