{
	"conditions": [
	{
		"type": "forge:mod_loaded",
		"modid": "aquatic_frontiers"
	}
	],
    "entity": "aquatic_frontiers:coralcrab",
    "name": "entity.aquatic_frontiers.coralcrab",
    "name_color": "#551d8e",
    "gui_scale": 0.8,
    "gui_x_offset": 0,
    "gui_y_offset": 0,
    "gui_z_offset": 0,
    "sim_cost": 64,
    "input": {
        "item": "hostilenetworks:prediction_matrix"
    },
    "base_drop": {
        "item": "hostilenetworks:overworld_prediction"
    },
    "trivia": "custom.trivia.coral_crab",
    "fabricator_drops": [
        {
            "item": "minecraft:cod",
            "count": 32
        },
        {
            "item": "minecraft:tropical_fish",
            "count": 32
        },
        {
            "item": "minecraft:pufferfish",
            "count": 32
        },
        {
            "item": "minecraft:brain_coral",
            "count": 16
        },
        {
            "item": "minecraft:fire_coral",
            "count": 16
        },
        {
            "item": "minecraft:horn_coral",
            "count": 16
        },
        {
            "item": "minecraft:tube_coral",
            "count": 16
        },
        {
            "item": "aquatic_frontiers:aquatic_frontiers_theme",
            "count": 1
        }
    ]
}