{
	"conditions": [
	{
		"type": "forge:mod_loaded",
		"modid": "aquatic_frontiers"
	}
	],
    "entity": "aquatic_frontiers:giantsquid",
    "name": "entity.aquatic_frontiers.giantsquid",
    "name_color": "#121529",
    "gui_scale": 0.37,
    "gui_x_offset": 0,
    "gui_y_offset": 0,
    "gui_z_offset": 0,
    "sim_cost": 64,
    "input": {
        "item": "hostilenetworks:prediction_matrix"
    },
    "base_drop": {
        "item": "hostilenetworks:overworld_prediction"
    },
    "trivia": "custom.trivia.aquatic_giant_squid",
    "fabricator_drops": [
        {
            "item": "minecraft:ink_sac",
            "count": 48
        },
        {
            "item": "minecraft:cod",
            "count": 32
        }
    ]
}