{
	"conditions": [
	{
		"type": "forge:mod_loaded",
		"modid": "alexsmobs"
	}
	],
    "entity": "alexsmobs:bunfungus",
    "name": "entity.alexsmobs.bunfungus",
    "name_color": "#757b9e",
    "gui_scale": 0.77,
    "gui_x_offset": 0,
    "gui_y_offset": 0,
    "gui_z_offset": 0,
    "sim_cost": 64,
    "input": {
        "item": "hostilenetworks:prediction_matrix"
    },
    "base_drop": {
        "item": "hostilenetworks:overworld_prediction"
    },
    "trivia": "custom.trivia.bunfungus",
    "fabricator_drops": [
        {
            "item": "minecraft:rabbit",
            "count": 16
        },
        {
            "item": "minecraft:red_mushroom",
            "count": 24
        }
    ]
}