{
	"conditions": [
	{
		"type": "forge:mod_loaded",
		"modid": "alexsmobs"
	}
	],
    "entity": "alexsmobs:comb_jelly",
    "name": "entity.alexsmobs.comb_jelly",
    "name_color": "rainbow",
    "gui_scale": 1,
    "gui_x_offset": 0,
    "gui_y_offset": 0,
    "gui_z_offset": 0,
    "sim_cost": 32,
    "input": {
        "item": "hostilenetworks:prediction_matrix"
    },
    "base_drop": {
        "item": "hostilenetworks:overworld_prediction"
    },
    "trivia": "custom.trivia.comb_jelly",
    "fabricator_drops": [
        {
            "item": "alexsmobs:rainbow_jelly",
            "count": 16
        }
    ]
}