{
	"conditions": [
	{
		"type": "forge:mod_loaded",
		"modid": "alexsmobs"
	}
	],
    "entity": "alexsmobs:crimson_mosquito",
    "name": "entity.alexsmobs.crimson_mosquito",
    "name_color": "#900429",
    "gui_scale": 1,
    "gui_x_offset": 0,
    "gui_y_offset": 0,
    "gui_z_offset": 0,
    "sim_cost": 48,
    "input": {
        "item": "hostilenetworks:prediction_matrix"
    },
    "base_drop": {
        "item": "hostilenetworks:overworld_prediction"
    },
    "trivia": "custom.trivia.crimson_mosquito",
    "fabricator_drops": [
        {
            "item": "alexsmobs:mosquito_proboscis",
            "count": 16
        },
        {
            "item": "alexsmobs:blood_sac",
            "count": 1
        }
    ]
}