{
	"conditions": [
	{
		"type": "forge:mod_loaded",
		"modid": "alexsmobs"
	}
	],
    "entity": "alexsmobs:froststalker",
    "name": "entity.alexsmobs.froststalker",
    "name_color": "#e6e9ec",
    "gui_scale": 1,
    "gui_x_offset": 0,
    "gui_y_offset": 0,
    "gui_z_offset": 0,
    "sim_cost": 96,
    "input": {
        "item": "hostilenetworks:prediction_matrix"
    },
    "base_drop": {
        "item": "hostilenetworks:overworld_prediction"
    },
    "trivia": "custom.trivia.froststalker",
    "fabricator_drops": [
        {
            "item": "alexsmobs:froststalker_horn",
            "count": 8
        },
        {
            "item": "minecraft:ice",
            "count": 8
        },
        {
            "item": "minecraft:packed_ice",
            "count": 4
        },
        {
            "item": "minecraft:blue_ice",
            "count": 2
        }
    ]
}