{
	"conditions": [
	{
		"type": "forge:mod_loaded",
		"modid": "alexsmobs"
	}
	],
    "entity": "alexsmobs:grizzly_bear",
    "name": "entity.alexsmobs.grizzly_bear",
    "name_color": "#523727",
    "gui_scale": 1,
    "gui_x_offset": 0,
    "gui_y_offset": 0,
    "gui_z_offset": 0,
    "sim_cost": 128,
    "input": {
        "item": "hostilenetworks:prediction_matrix"
    },
    "base_drop": {
        "item": "hostilenetworks:overworld_prediction"
    },
    "trivia": "custom.trivia.grizzly_bear",
    "fabricator_drops": [
        {
            "item": "alexsmobs:bear_dust",
            "count": 16
        },
        {
            "item": "alexsmobs:bear_fur",
            "count": 16
        }
    ]
}