{
	"conditions": [
	{
		"type": "forge:mod_loaded",
		"modid": "alexsmobs"
	}
	],
    "entity": "alexsmobs:lobster",
    "name": "entity.alexsmobs.lobster",
    "name_color": "#c13022",
    "gui_scale": 1,
    "gui_x_offset": 0,
    "gui_y_offset": 0,
    "gui_z_offset": 0,
    "sim_cost": 36,
    "input": {
        "item": "hostilenetworks:prediction_matrix"
    },
    "base_drop": {
        "item": "hostilenetworks:overworld_prediction"
    },
    "trivia": "custom.trivia.lobster",
    "fabricator_drops": [
        {
            "item": "alexsmobs:lobster_tail",
            "count": 16
        }
    ]
}