{
	"conditions": [
	{
		"type": "forge:mod_loaded",
		"modid": "alexsmobs"
	}
	],
    "entity": "alexsmobs:skreecher",
    "name": "entity.alexsmobs.skreecher",
    "name_color": "#02252e",
    "gui_scale": 1,
    "gui_x_offset": 0,
    "gui_y_offset": 0,
    "gui_z_offset": 0,
    "sim_cost": 192,
    "input": {
        "item": "hostilenetworks:prediction_matrix"
    },
    "base_drop": {
        "item": "hostilenetworks:overworld_prediction"
    },
    "trivia": "custom.trivia.skreecher",
    "fabricator_drops": [
        {
            "item": "alexsmobs:skreecher_soul",
            "count": 4
        }
    ]
}