{
	"conditions": [
	{
		"type": "forge:mod_loaded",
		"modid": "alexsmobs"
	}
	],
    "entity": "alexsmobs:straddler",
    "name": "entity.alexsmobs.straddler",
    "name_color": "#2b2e3b",
    "gui_scale": 0.69,
    "gui_x_offset": 0,
    "gui_y_offset": -0.25,
    "gui_z_offset": 0,
    "sim_cost": 128,
    "input": {
        "item": "hostilenetworks:prediction_matrix"
    },
    "base_drop": {
        "item": "hostilenetworks:nether_prediction"
    },
    "trivia": "custom.trivia.straddler",
    "fabricator_drops": [
        {
            "item": "alexsmobs:straddlite",
            "count": 2
        },
        {
            "item": "minecraft:basalt",
            "count": 16
        }
    ]
}