{
	"conditions": [
	{
		"type": "forge:mod_loaded",
		"modid": "alexsmobs"
	}
	],
    "entity": "alexsmobs:tusklin",
    "name": "entity.alexsmobs.tusklin",
    "name_color": "#e6e9ec",
    "gui_scale": 0.75,
    "gui_x_offset": 0,
    "gui_y_offset": 0,
    "gui_z_offset": 0,
    "sim_cost": 96,
    "input": {
        "item": "hostilenetworks:prediction_matrix"
    },
    "base_drop": {
        "item": "hostilenetworks:overworld_prediction"
    },
    "trivia": "custom.trivia.tusklin",
    "fabricator_drops": [
        {
            "item": "minecraft:porkchop",
            "count": 32
        },
        {
            "item": "minecraft:snowball",
            "count": 16
        }
    ]
}