{
	"conditions": [
	{
		"type": "forge:mod_loaded",
		"modid": "alexscaves"
	}
	],
    "entity": "alexscaves:deep_one",
    "variants": [
		"alexscaves:deep_one_knight",
		"alexscaves:deep_one_mage"
	],
    "name": "entity.alexscaves.deep_one",
    "name_color": "#091b34",
    "gui_scale": 0.85,
    "gui_x_offset": 0,
    "gui_y_offset": 0,
    "gui_z_offset": 0,
    "sim_cost": 196,
    "input": {
        "item": "hostilenetworks:prediction_matrix"
    },
    "base_drop": {
        "item": "hostilenetworks:overworld_prediction"
    },
    "trivia": "custom.trivia.deep_one",
    "fabricator_drops": [
        {
            "item": "minecraft:clay_ball",
            "count": 4
        },
        {
            "item": "minecraft:diamond",
            "count": 1
        },
        {
            "item": "minecraft:experience_bottle",
            "count": 1
        },
        {
            "item": "minecraft:ink_sac",
            "count": 4
        },
        {
            "item": "minecraft:glow_ink_sac",
            "count": 4
        },
        {
            "item": "minecraft:gold_nugget",
            "count": 8
        },
        {
            "item": "minecraft:kelp",
            "count": 6
        },
        {
            "item": "minecraft:lapis_lazuli",
            "count": 4
        },
        {
            "item": "minecraft:nautilus_shell",
            "count": 2
        },
        {
            "item": "minecraft:prismarine_shard",
            "count": 4
		},
        {
            "item": "minecraft:prismarine_crystals",
            "count": 6
        },
        {
            "item": "minecraft:cod",
            "count": 4
        },
        {
            "item": "minecraft:salmon",
            "count": 4
        },
        {
            "item": "minecraft:pufferfish",
            "count": 6
        },
        {
            "item": "minecraft:raw_gold",
            "count": 1
        },
        {
            "item": "minecraft:scute",
            "count": 3
        },
        {
            "item": "alexscaves:sea_glass_shards",
            "count": 4
        },
        {
            "item": "alexscaves:ping_pong_sponge",
            "count": 4
        },
        {
            "item": "minecraft:sponge",
            "count": 2
        }
    ],
    "tier_data": [
		16,
        64,
        128,
        384
    ],
    "data_per_kill": [
        4,
        8,
        8,
        16
    ]
}