{
	"conditions": [
	{
		"type": "forge:mod_loaded",
		"modid": "friendsandfoes"
	}
	],
    "entity": "friendsandfoes:iceologer",
    "variants": [],
    "name": "entity.friendsandfoes.iceologer",
    "name_color": "#40531A",
    "gui_scale": 1,
    "gui_x_offset": 0,
    "gui_y_offset": 0,
    "gui_z_offset": 0,
    "sim_cost": 1024,
    "input": {
        "item": "hostilenetworks:prediction_matrix"
    },
    "base_drop": {
        "item": "hostilenetworks:overworld_prediction"
    },
	"trivia": "custom.trivia.iceologer",
    "fabricator_drops": [
        {
            "item": "friendsandfoes:totem_of_freezing",
            "count": 1
        },
        {
            "item": "minecraft:emerald",
            "count": 16
        },
        {
            "item": "minecraft:blue_ice",
            "count": 8
        }
    ]
}