{
  "type": "recipe",
  "count": 1,
  "crafter": "alchemist_crafting",
  "inputs": [
    {
      "count": 1,
      "item": "ars_nouveau:novice_spell_book"
    },
    {
      "count": 1,
      "item": "minecraft:obsidian"
    },
	{
      "count": 2,
      "item": "minecraft:quartz_block"
    },
    {
      "count": 2,
      "item": "minecraft:blaze_rod"
    },
    {
      "count": 3,
      "item": "minecraft:diamond"
    }
  ],
  "intermediate": "minecraft:air",
  "min-building-level": 3,
  "research-id": "mcc:effects/ars_t3_unlock",
  "result": "ars_nouveau:apprentice_spell_book"
}