{
  "type": "recipe",
  "count": 1,
  "crafter": "blacksmith_crafting",
  "inputs": [
    {
      "count": 1,
      "item": "create_sa:hydraulic_engine"
    },
    {
      "count": 2,
      "item": "create:cogwheel"
    },
    {
      "count": 1,
      "item": "create_sa:copper_magnet"
    },
    {
      "count": 1,
      "item": "minecraft:copper_ingot"
    }
  ],
  "intermediate": "minecraft:air",
  "min-building-level": 3,
  "research-id": "mcc:effects/create_t3_unlock",
  "result": "create_sa:block_picker"

}