{
  "type": "recipe",
  "count": 1,
  "crafter": "blacksmith_crafting",
  "inputs": [
    {
      "count": 1,
      "item": "minecraft:iron_bars"
    },
    {
      "count": 6,
      "item": "minecraft:iron_ingot"
    },
    {
      "item": "minecraft:dropper"
    },
    {
      "item": "industrialforegoing:conveyor"
    }
  ],
  "intermediate": "minecraft:air",
  "min-building-level": 1,
  "research-id": "mcc:effects/industrial_t1_unlock",
  "result": "industrialforegoing:conveyor_dropping_upgrade"
}