{
  "type": "recipe",
  "count": 1,
  "crafter": "blacksmith_crafting",
  "inputs": [
    {
      "count": 4,
      "item": "minecraft:copper_ingot"
    },
    {
      "count": 1,
      "item": "create:cogwheel"
    },
    {
      "count": 1,
      "item": "create_sa:hydraulic_engine"
    },
    {
      "count": 1,
      "item": "create:andesite_alloy"
    },
    {
      "count": 2,
      "item": "create:fluid_tank"
    }
  ],
  "intermediate": "minecraft:air",
  "min-building-level": 4,
  "research-id": "mcc:effects/create_t4_unlock",
  "result": "create_sa:copper_jetpack_chestplate"

}