{
  "type": "recipe",
  "count": 1,
  "crafter": "blacksmith_crafting",
  "inputs": [
    {
      "count": 1,
      "item": "minecraft:copper_block"
    },
    {
      "count": 3,
      "item": "minecraft:copper_ingot"
    },
    {
	  "count": 2,
      "item": "create:andesite_alloy"
    },
    {
	  "count": 1,
      "item": "create:shaft"
    }
  ],
  "intermediate": "minecraft:air",
  "min-building-level": 1,
  "research-id": "mcc:effects/create_t1_unlock",
  "result": "create:copper_backtank"
}