{
  "type": "recipe",
  "count": 1,
  "crafter": "blacksmith_crafting",
  "inputs": [
    {
      "count": 5,
      "item": "mekanism:alloy_infused"
    },
    {
      "count": 2,
      "item": "mekanism:dust_osmium"
    },
    {
	  "count": 1,
      "item": "thermal:iron_dust"
    },
    {
      "count": 1,
      "item": "thermal:gold_dust"
    }
  ],
  "intermediate": "minecraft:air",
  "min-building-level": 3,
  "research-id": "mcc:effects/mekanism_t2_unlock",
  "result": "mekanism:electrolytic_core"
}