{
  "type": "recipe",
  "count": 1,
  "crafter": "blacksmith_crafting",
  "inputs": [
    {
      "count": 4,
      "item": "minecraft:gold_nugget"
    },
    {
      "count": 2,
      "item": "minecraft:gold_ingot"
    },
	{
      "count": 2,
      "item": "ars_nouveau:sourcestone"
    },
    {
      "count": 1,
      "item": "minecraft:diamond"
    }
  ],
  "intermediate": "minecraft:air",
  "min-building-level": 1,
  "research-id": "mcc:effects/ars_t1_unlock",
  "result": "ars_nouveau:enchanting_apparatus"
}