{
  "type": "recipe",
  "count": 1,
  "crafter": "blacksmith_crafting",
  "inputs": [
    {
      "count": 5,
      "item": "mekanism:hdpe_sheet"
    },
    {
      "count": 2,
      "item": "mekanism:alloy_atomic"
    },
    {
	  "count": 1,
      "item": "minecraft:elytra"
    },
    {
      "count": 1,
      "item": "industrialforegoing:plastic"
    }
  ],
  "intermediate": "minecraft:air",
  "min-building-level": 3,
  "research-id": "mcc:effects/mekanism_t2_unlock",
  "result": "mekanism:hdpe_elytra"
}