{
  "type": "recipe",
  "count": 1,
  "crafter": "blacksmith_crafting",
  "inputs": [
    {
      "count": 1,
      "item": "mekanism:jetpack"
    },
    {
      "count": 2,
      "item": "thermal:bronze_ingot"
    },
    {
	  "count": 2,
      "item": "thermal:diamond_dust"
    },
    {
      "count": 1,
      "tag": "forge:storage_blocks/steel"
    }
  ],
  "intermediate": "minecraft:air",
  "min-building-level": 3,
  "research-id": "mcc:effects/mekanism_t2_unlock",
  "result": "mekanism:jetpack_armored"
}