{
  "type": "recipe",
  "count": 1,
  "crafter": "blacksmith_crafting",
  "inputs": [
    {
      "count": 1,
      "item": "create_sa:steam_engine"
    },
    {
      "count": 2,
      "item": "create:cogwheel"
    },
    {
      "count": 1,
      "item": "create_sa:brass_drill_head"
    },
    {
      "count": 1,
      "item": "create:brass_ingot"
    }
  ],
  "intermediate": "minecraft:air",
  "min-building-level": 4,
  "research-id": "mcc:effects/create_t4_unlock",
  "result": "create_sa:portable_drill"

}