{
  "type": "recipe",
  "count": 1,
  "crafter": "blacksmith_crafting",
  "inputs": [
    {
      "count": 3,
      "item": "create:fluid_pipe"
    },
    {
      "count": 1,
      "item": "create:precision_mechanism"
    },
    {
	  "count": 1,
      "item": "create:andesite_alloy"
    },
	{
	  "count": 2,
	  "item": "minecraft:copper_ingot"
	}
  ],
  "intermediate": "minecraft:air",
  "min-building-level": 2,
  "research-id": "mcc:effects/create_t2_unlock",
  "result": "create:potato_cannon"

}