{
  "type": "recipe",
  "count": 1,
  "crafter": "blacksmith_crafting",
  "inputs": [
    {
      "count": 3,
      "item": "thermal:steel_ingot"
    },
    {
      "count": 2,
      "item": "industrialforegoing:plastic"
    },
    {
	  "count": 2,
      "item": "mekanism:alloy_atomic"
    },
    {
      "count": 1,
      "item": "mekanism:basic_chemical_tank"
    },
    {
      "count": 1,
      "item": "mekanism:basic_control_circuit"
    }
  ],
  "intermediate": "minecraft:air",
  "min-building-level": 2,
  "research-id": "mcc:effects/mekanism_t1_unlock",
  "result": "mekanism:scuba_tank"
}