{
  "type": "recipe",
  "count": 1,
  "crafter": "blacksmith_crafting",
  "inputs": [
    {
      "count": 1,
      "item": "minecraft:book"
    },
    {
      "count": 1,
      "item": "minecraft:iron_pickaxe"
    },
	{
      "count": 1,
      "item": "minecraft:iron_axe"
    },
    {
      "count": 1,
      "item": "minecraft:iron_shovel"
    },
    {
      "count": 1,
      "item": "minecraft:iron_sword"
    }
  ],
  "intermediate": "minecraft:air",
  "min-building-level": 1,
  "research-id": "mcc:effects/ars_t1_unlock",
  "result": "ars_nouveau:novice_spell_book"
}