{
  "type": "recipe",
  "count": 1,
  "crafter": "blacksmith_crafting",
  "inputs": [
    {
      "count": 4,
      "item": "minecraft:lapis_lazuli"
    },
    {
      "count": 2,
      "item": "mekanism:alloy_atomic"
    },
    {
	  "count": 1,
      "tag": "forge:dusts/gold"
    },
    {
      "count": 1,
      "item": "minecraft:diamond"
    }
  ],
  "intermediate": "minecraft:air",
  "min-building-level": 4,
  "research-id": "mcc:effects/mekanism_t4_unlock",
  "result": "mekanism:teleportation_core"
}