{
  "type": "create:crushing",
  "ingredients": [
    {
      "item": "scguns:blasphemy"
    }
  ],
  "processingTime": 250,
  "results": [
    {
      "chance": 0.3,
      "item": "scguns:anthralite_ingot"
    },
    {
      "chance": 0.3,
      "item": "minecraft:iron_ingot"
    },
    {
      "chance": 0.3,
      "item": "scguns:heavy_gun_parts"
    },
    {
      "chance": 0.3,
      "item": "scguns:gun_barrel"
    },
    {
      "chance": 0.3,
      "item": "minecraft:blaze_powder"
    },
    {
      "chance": 0.3,
      "item": "minecraft:blaze_powder"
    }
  ]
}
