{
  "type": "create:crushing",
  "ingredients": [
    {
      "item": "scguns:m22_waltz"
    }
  ],
  "processingTime": 250,
  "results": [
    {
      "chance": 0.3,
      "item": "scguns:treated_brass_ingot"
    },
    {
      "chance": 0.3,
      "item": "scguns:treated_brass_ingot"
    },
    {
      "chance": 0.3,
      "item": "scguns:firing_unit"
    },
    {
      "chance": 0.3,
      "item": "scguns:heavy_gun_parts"
    },
    {
      "chance": 0.3,
      "item": "scguns:gun_barrel"
    },
    {
      "chance": 0.3,
      "item": "scguns:gun_magazine"
    }
  ]
}
