{
  "type": "create:crushing",
  "ingredients": [
    {
      "item": "scguns:marlin"
    }
  ],
  "processingTime": 250,
  "results": [
    {
      "chance": 0.3,
      "item": "minecraft:iron_ingot"
    },
    {
      "chance": 0.3,
      "item": "scguns:treated_brass_ingot"
    },
    {
      "chance": 0.3,
      "item": "scguns:firing_unit"
    },
    {
      "chance": 0.3,
      "item": "minecraft:heart_of_the_sea"
    },
    {
      "chance": 0.3,
      "item": "scguns:gun_barrel"
    },
    {
      "chance": 0.3,
      "item": "minecraft:prismarine_shard"
    }
  ]
}
