{
  "pools": [
    {
      "rolls": {
        "min": 1,
        "max": 1
      },
  	  "name":"dimdungeons:chestbooks_1",	  
      "entries": [
        {
		  "type": "item",
		  "name": "minecraft:enchanted_book",
		  "entryName": "dimdungeons:ebook_silk_touch",
		  "weight": 2,
		  "functions": [
		    {
			  "function": "set_nbt",
			  "tag": "{StoredEnchantments:[{id:\"minecraft:silk_touch\",lvl:1}]}"
			}
		  ]
		},
        {
		  "type": "item",
		  "name": "minecraft:enchanted_book",
		  "entryName": "dimdungeons:ebook_blast_protection",
		  "weight": 2,
		  "functions": [
		    {
			  "function": "set_nbt",
			  "tag": "{StoredEnchantments:[{id:\"minecraft:blast_protection\",lvl:4}]}"
			}
		  ]
		},
        {
		  "type": "item",
		  "name": "minecraft:enchanted_book",
		  "entryName": "dimdungeons:ebook_fire_protection",
		  "weight": 2,
		  "functions": [
		    {
			  "function": "set_nbt",
			  "tag": "{StoredEnchantments:[{id:\"minecraft:fire_protection\",lvl:4}]}"
			}
		  ]
		},
        {
		  "type": "item",
		  "name": "minecraft:enchanted_book",
		  "entryName": "dimdungeons:ebook_projectile_protection",
		  "weight": 2,
		  "functions": [
		    {
			  "function": "set_nbt",
			  "tag": "{StoredEnchantments:[{id:\"minecraft:projectile_protection\",lvl:4}]}"
			}
		  ]
		},
        {
		  "type": "item",
		  "name": "minecraft:enchanted_book",
		  "entryName": "dimdungeons:ebook_feather_falling",
		  "weight": 2,
		  "functions": [
		    {
			  "function": "set_nbt",
			  "tag": "{StoredEnchantments:[{id:\"minecraft:feather_falling\",lvl:4}]}"
			}
		  ]
		},
        {
		  "type": "item",
		  "name": "minecraft:enchanted_book",
		  "entryName": "dimdungeons:ebook_aqua_affinity",
		  "weight": 2,
		  "functions": [
		    {
			  "function": "set_nbt",
			  "tag": "{StoredEnchantments:[{id:\"minecraft:aqua_affinity\",lvl:1}]}"
			}
		  ]
		},
        {
		  "type": "item",
		  "name": "minecraft:enchanted_book",
		  "entryName": "dimdungeons:ebook_frost_walker",
		  "weight": 2,
		  "functions": [
		    {
			  "function": "set_nbt",
			  "tag": "{StoredEnchantments:[{id:\"minecraft:frost_walker\",lvl:2}]}"
			}
		  ]
		},
        {
		  "type": "item",
		  "name": "minecraft:enchanted_book",
		  "entryName": "dimdungeons:ebook_smite",
		  "weight": 2,
		  "functions": [
		    {
			  "function": "set_nbt",
			  "tag": "{StoredEnchantments:[{id:\"minecraft:smite\",lvl:5}]}"
			}
		  ]
		},
        {
		  "type": "item",
		  "name": "minecraft:enchanted_book",
		  "entryName": "dimdungeons:ebook_bane_of_arthropods",
		  "weight": 2,
		  "functions": [
		    {
			  "function": "set_nbt",
			  "tag": "{StoredEnchantments:[{id:\"minecraft:bane_of_arthropods\",lvl:5}]}"
			}
		  ]
		},
        {
		  "type": "item",
		  "name": "minecraft:enchanted_book",
		  "entryName": "dimdungeons:ebook_knockback",
		  "weight": 2,
		  "functions": [
		    {
			  "function": "set_nbt",
			  "tag": "{StoredEnchantments:[{id:\"minecraft:knockback\",lvl:2}]}"
			}
		  ]
		},
        {
		  "type": "item",
		  "name": "minecraft:enchanted_book",
		  "entryName": "dimdungeons:ebook_punch",
		  "weight": 2,
		  "functions": [
		    {
			  "function": "set_nbt",
			  "tag": "{StoredEnchantments:[{id:\"minecraft:punch\",lvl:2}]}"
			}
		  ]
		},
        {
		  "type": "item",
		  "name": "minecraft:enchanted_book",
		  "entryName": "dimdungeons:ebook_flame",
		  "weight": 2,
		  "functions": [
		    {
			  "function": "set_nbt",
			  "tag": "{StoredEnchantments:[{id:\"minecraft:flame\",lvl:1}]}"
			}
		  ]
		},
        {
		  "type": "item",
		  "name": "minecraft:enchanted_book",
		  "entryName": "dimdungeons:ebook_infinity",
		  "weight": 2,
		  "functions": [
		    {
			  "function": "set_nbt",
			  "tag": "{StoredEnchantments:[{id:\"minecraft:infinity\",lvl:1}]}"
			}
		  ]
		},
        {
		  "type": "item",
		  "name": "minecraft:enchanted_book",
		  "entryName": "dimdungeons:ebook_channeling",
		  "weight": 2,
		  "functions": [
		    {
			  "function": "set_nbt",
			  "tag": "{StoredEnchantments:[{id:\"minecraft:channeling\",lvl:1}]}"
			}
		  ]
		},	
        {
		  "type": "item",
		  "name": "minecraft:enchanted_book",
		  "entryName": "dimdungeons:ebook_multishot",
		  "weight": 2,
		  "functions": [
		    {
			  "function": "set_nbt",
			  "tag": "{StoredEnchantments:[{id:\"minecraft:multishot\",lvl:1}]}"
			}
		  ]
		},
        {
		  "type": "item",
		  "name": "minecraft:enchanted_book",
		  "entryName": "dimdungeons:ebook_lure",
		  "weight": 2,
		  "functions": [
		    {
			  "function": "set_nbt",
			  "tag": "{StoredEnchantments:[{id:\"minecraft:lure\",lvl:3}]}"
			}
		  ]
		},
        {
		  "type": "item",
		  "name": "minecraft:enchanted_book",
		  "entryName": "dimdungeons:ebook_luck",
		  "weight": 2,
		  "functions": [
		    {
			  "function": "set_nbt",
			  "tag": "{StoredEnchantments:[{id:\"minecraft:luck_of_the_sea\",lvl:3}]}"
			}
		  ]
		},		
        {
		  "type": "item",
		  "name": "minecraft:enchanted_book",
		  "entryName": "dimdungeons:ebook_riptide",
		  "weight": 2,
		  "functions": [
		    {
			  "function": "set_nbt",
			  "tag": "{StoredEnchantments:[{id:\"minecraft:riptide\",lvl:3}]}"
			}
		  ]
		}		
      ]
    }
  ]
}