{
  "pools": [
    {
      "rolls": {
        "min": 1,
        "max": 2
      },
  	  "name":"dimdungeons:basic_hard",
      "entries": [
        {
          "type": "loot_table",
          "name": "dimdungeons:chests/chestloot_2",
          "weight": 1
        },
		{
          "type": "loot_table",
          "name": "minecraft:chests/abandoned_mineshaft",
          "weight": 1
        },
        {
          "type": "loot_table",
          "name": "minecraft:chests/desert_pyramid",
          "weight": 1
        },
        {
          "type": "loot_table",
          "name": "minecraft:chests/jungle_temple",
          "weight": 1
        },
        {
          "type": "loot_table",
          "name": "minecraft:chests/woodland_mansion",
          "weight": 1
        },
        {
          "type": "loot_table",
          "name": "minecraft:chests/simple_dungeon",
          "weight": 1
        },
        {
          "type": "loot_table",
          "name": "minecraft:chests/stronghold_crossing",
          "weight": 1
        },
        {
          "type": "loot_table",
          "name": "minecraft:chests/stronghold_library",
          "weight": 1
        }
      ]
    }
  ]
}