{
  "pools": [
    {
      "rolls": {
        "min": 1,
        "max": 1
      },
  	  "name":"dimdungeons:chestbooks_2",	  
      "entries": [
        {
		  "type": "item",
		  "name": "minecraft:enchanted_book",
		  "entryName": "dimdungeons:ebook_efficiency",
		  "weight": 2,
		  "functions": [
		    {
			  "function": "set_nbt",
			  "tag": "{StoredEnchantments:[{id:\"minecraft:efficiency\",lvl:5}]}"
			}
		  ]
		},
        {
		  "type": "item",
		  "name": "minecraft:enchanted_book",
		  "entryName": "dimdungeons:ebook_unbreaking",
		  "weight": 2,
		  "functions": [
		    {
			  "function": "set_nbt",
			  "tag": "{StoredEnchantments:[{id:\"minecraft:unbreaking\",lvl:3}]}"
			}
		  ]
		},
        {
		  "type": "item",
		  "name": "minecraft:enchanted_book",
		  "entryName": "dimdungeons:ebook_fortune",
		  "weight": 2,
		  "functions": [
		    {
			  "function": "set_nbt",
			  "tag": "{StoredEnchantments:[{id:\"minecraft:fortune\",lvl:3}]}"
			}
		  ]
		},
        {
		  "type": "item",
		  "name": "minecraft:enchanted_book",
		  "entryName": "dimdungeons:ebook_protection",
		  "weight": 2,
		  "functions": [
		    {
			  "function": "set_nbt",
			  "tag": "{StoredEnchantments:[{id:\"minecraft:protection\",lvl:4}]}"
			}
		  ]
		},
        {
		  "type": "item",
		  "name": "minecraft:enchanted_book",
		  "entryName": "dimdungeons:ebook_respiration",
		  "weight": 2,
		  "functions": [
		    {
			  "function": "set_nbt",
			  "tag": "{StoredEnchantments:[{id:\"minecraft:respiration\",lvl:3}]}"
			}
		  ]
		},
        {
		  "type": "item",
		  "name": "minecraft:enchanted_book",
		  "entryName": "dimdungeons:ebook_thorns",
		  "weight": 2,
		  "functions": [
		    {
			  "function": "set_nbt",
			  "tag": "{StoredEnchantments:[{id:\"minecraft:thorns\",lvl:3}]}"
			}
		  ]
		},
        {
		  "type": "item",
		  "name": "minecraft:enchanted_book",
		  "entryName": "dimdungeons:ebook_depth_strider",
		  "weight": 2,
		  "functions": [
		    {
			  "function": "set_nbt",
			  "tag": "{StoredEnchantments:[{id:\"minecraft:depth_strider\",lvl:3}]}"
			}
		  ]
		},
        {
		  "type": "item",
		  "name": "minecraft:enchanted_book",
		  "entryName": "dimdungeons:ebook_sharpness",
		  "weight": 2,
		  "functions": [
		    {
			  "function": "set_nbt",
			  "tag": "{StoredEnchantments:[{id:\"minecraft:sharpness\",lvl:5}]}"
			}
		  ]
		},
        {
		  "type": "item",
		  "name": "minecraft:enchanted_book",
		  "entryName": "dimdungeons:ebook_fire_aspect",
		  "weight": 2,
		  "functions": [
		    {
			  "function": "set_nbt",
			  "tag": "{StoredEnchantments:[{id:\"minecraft:fire_aspect\",lvl:2}]}"
			}
		  ]
		},
        {
		  "type": "item",
		  "name": "minecraft:enchanted_book",
		  "entryName": "dimdungeons:ebook_looting",
		  "weight": 2,
		  "functions": [
		    {
			  "function": "set_nbt",
			  "tag": "{StoredEnchantments:[{id:\"minecraft:looting\",lvl:3}]}"
			}
		  ]
		},
        {
		  "type": "item",
		  "name": "minecraft:enchanted_book",
		  "entryName": "dimdungeons:ebook_sweeping",
		  "weight": 2,
		  "functions": [
		    {
			  "function": "set_nbt",
			  "tag": "{StoredEnchantments:[{id:\"minecraft:sweeping\",lvl:3}]}"
			}
		  ]
		},
        {
		  "type": "item",
		  "name": "minecraft:enchanted_book",
		  "entryName": "dimdungeons:ebook_power",
		  "weight": 2,
		  "functions": [
		    {
			  "function": "set_nbt",
			  "tag": "{StoredEnchantments:[{id:\"minecraft:power\",lvl:5}]}"
			}
		  ]
		},
        {
		  "type": "item",
		  "name": "minecraft:enchanted_book",
		  "entryName": "dimdungeons:ebook_loyalty",
		  "weight": 2,
		  "functions": [
		    {
			  "function": "set_nbt",
			  "tag": "{StoredEnchantments:[{id:\"minecraft:loyalty\",lvl:3}]}"
			}
		  ]
		},
        {
		  "type": "item",
		  "name": "minecraft:enchanted_book",
		  "entryName": "dimdungeons:ebook_impaling",
		  "weight": 2,
		  "functions": [
		    {
			  "function": "set_nbt",
			  "tag": "{StoredEnchantments:[{id:\"minecraft:impaling\",lvl:5}]}"
			}
		  ]
		},	
        {
		  "type": "item",
		  "name": "minecraft:enchanted_book",
		  "entryName": "dimdungeons:ebook_piercing",
		  "weight": 2,
		  "functions": [
		    {
			  "function": "set_nbt",
			  "tag": "{StoredEnchantments:[{id:\"minecraft:piercing\",lvl:4}]}"
			}
		  ]
		},
        {
		  "type": "item",
		  "name": "minecraft:enchanted_book",
		  "entryName": "dimdungeons:ebook_quick_charge",
		  "weight": 2,
		  "functions": [
		    {
			  "function": "set_nbt",
			  "tag": "{StoredEnchantments:[{id:\"minecraft:quick_charge\",lvl:3}]}"
			}
		  ]
		}		
      ]
    }
  ]
}