{
  "pools": [
    {
      "rolls": {
        "min": 1,
        "max": 2
      },
  	  "name":"dimdungeons:pool_3",
      "entries": [
	    {
          "type": "item",
          "name": "numismatics:sprocket",
          "weight": 6,
          "functions": [
            {
              "function": "set_count",
              "count": {
                "min": 8,
                "max": 16
              }
            }
          ]
        },
		{
          "type": "item",
          "name": "numismatics:cog",
          "weight": 2,
          "functions": [
            {
              "function": "set_count",
              "count": {
                "min": 2,
                "max": 3
              }
            }
          ]
        },
        {
          "type": "item",
          "name": "minecraft:emerald",
          "weight": 3,
          "functions": [
            {
              "function": "set_count",
              "count": {
                "min": 12,
                "max": 24
              }
            }
          ]
        },
        {
          "type": "item",
          "name": "minecraft:lapis_block",
          "weight": 3,
          "functions": [
            {
              "function": "set_count",
              "count": {
                "min": 3,
                "max": 5
              }
            }
          ]
        },
        {
          "type": "item",
          "name": "scguns:raw_anthralite_block",
          "weight": 3,
          "functions": [
            {
              "function": "set_count",
              "count": {
                "min": 3,
                "max": 6
              }
            }
          ]
        },
        {
          "type": "item",
          "name": "scguns:diamond_steel_block",
          "weight": 3,
          "functions": [
            {
              "function": "set_count",
              "count": {
                "min": 1,
                "max": 2
              }
            }
          ]
        },
        {
          "type": "item",
          "name": "scguns:vehement_coal",
          "weight": 3,
          "functions": [
            {
              "function": "set_count",
              "count": {
                "min": 1,
                "max": 3
              }
            }
          ]
        },
        {
          "type": "item",
          "name": "minecraft:honey_block",
          "weight": 3,
          "functions": [
            {
              "function": "set_count",
              "count": {
                "min": 6,
                "max": 12
              }
            }
          ]
        },
        {
          "type": "item",
          "name": "minecraft:netherite_ingot",
          "weight": 2,
          "functions": [
            {
              "function": "set_count",
              "count": {
                "min": 1,
                "max": 1
              }
            }
          ]
        },
        {
          "type": "item",
          "name": "botania:blacker_lotus",
          "weight": 3,
          "functions": [
            {
              "function": "set_count",
              "count": {
                "min": 1,
                "max": 3
              }
            }
          ]
        },
        {
          "type": "item",
          "name": "minecraft:tnt",
          "weight": 3,
          "functions": [
            {
              "function": "set_count",
              "count": {
                "min": 10,
                "max": 20
              }
            }
          ]
        },
        {
          "type": "item",
          "name": "minecraft:golden_apple",
          "weight": 3,
          "functions": [
            {
              "function": "set_count",
              "count": {
                "min": 1,
                "max": 2
              }
            }
          ]		  
        },
        {
          "type": "item",
          "name": "minecraft:turtle_egg",
          "weight": 3,
          "functions": [
            {
              "function": "set_count",
              "count": {
                "min": 1,
                "max": 2
              }
            }
          ]		  
        },
        {
          "type": "item",
          "name": "minecraft:potion",
          "entryName":"dimdungeons:potion_luck",
          "weight": 3,
          "functions": [
            {
              "function": "set_nbt",
              "tag": "{Potion:\"minecraft:luck\"}"
            },
            {
              "function": "set_count",
              "count": {
                "min": 1,
                "max": 2
              }
            }
          ]
        },
		{
			"type":"item",
			"name":"minecraft:splash_potion",
			"entryName":"dimdungeons:potion_harming",
			"weight":3,
			"functions": [
			  {
				"function":"set_nbt",
				"tag":"{Potion:\"minecraft:strong_harming\"}"
			  }
			]
		},
        {
          "type": "item",
          "name": "minecraft:potion",
          "entryName":"dimdungeons:potion_leaping",
          "weight": 3,
          "functions": [
            {
              "function": "set_nbt",
              "tag": "{Potion:\"minecraft:strong_leaping\"}"
            },
            {
              "function": "set_count",
              "count": {
                "min": 1,
                "max": 2
              }
            }			
          ]
        },
        {
          "type": "item",
          "name": "minecraft:potion",
          "entryName":"dimdungeons:potion_regeneration",
          "weight": 3,
          "functions": [
            {
              "function": "set_nbt",
              "tag": "{Potion:\"minecraft:regeneration\"}"
            },
            {
              "function": "set_count",
              "count": {
                "min": 1,
                "max": 2
              }
            }			
          ]
        },
        {
          "type": "item",
          "name": "minecraft:potion",
          "entryName":"dimdungeons:potion_invisibility",
          "weight": 3,
          "functions": [
            {
              "function": "set_nbt",
              "tag": "{Potion:\"minecraft:invisibility\"}"
            },
            {
              "function": "set_count",
              "count": {
                "min": 1,
                "max": 2
              }
            }			
          ]
        },		
        {
          "type": "item",
          "name": "minecraft:firework_rocket",
          "weight": 3,
          "functions": [
            {
              "function": "set_count",
              "count": {
                "min": 24,
                "max": 40
              }
            }
          ]
        },
        {
          "type": "item",
          "name": "minecraft:dragon_breath",
          "weight": 3,
          "functions": [
            {
              "function": "set_count",
              "count": {
                "min": 3,
                "max": 6
              }
            }
          ]
        },
        {
          "type": "item",
          "name": "minecraft:ender_pearl",
          "weight": 3,
          "functions": [
            {
              "function": "set_count",
              "count": {
                "min": 4,
                "max": 6
              }
            }
          ]
        },
        {
          "type": "item",
          "name": "dimdungeons:item_portal_key",
          "weight": 4,
          "functions": [
            {
              "function": "set_count",
              "count": {
                "min": 1,
                "max": 1
              }
            }
          ]
        },		
        {
          "type": "loot_table",
          "name": "dimdungeons:chests/kit_random",
          "weight": 20
        },
        {
          "type": "loot_table",
          "name": "dimdungeons:chests/trophy_1",
          "weight": 1
        },
        {
          "type": "loot_table",
          "name": "dimdungeons:chests/chestbooks_2",
          "weight": 32
        }
      ]
    }
  ]
}