{
  "pools": [
    {
      "rolls": {
        "min": 1,
        "max": 2
      },
  	  "name":"dimdungeons:pool_1",
      "entries": [
	    {
          "type": "item",
          "name": "numismatics:spur",
          "weight": 6,
          "functions": [
            {
              "function": "set_count",
              "count": {
                "min": 32,
                "max": 64
              }
            }
          ]
        },
		{
          "type": "item",
          "name": "numismatics:bevel",
          "weight": 6,
          "functions": [
            {
              "function": "set_count",
              "count": {
                "min": 8,
                "max": 16
              }
            }
          ]
        },
        {
          "type": "item",
          "name": "minecraft:raw_copper_block",
          "weight": 3,
          "functions": [
            {
              "function": "set_count",
              "count": {
                "min": 2,
                "max": 4
              }
            }
          ]
        },
        {
          "type": "item",
          "name": "minecraft:raw_gold_block",
          "weight": 3,
          "functions": [
            {
              "function": "set_count",
              "count": {
                "min": 2,
                "max": 4
              }
            }
          ]
        },
        {
          "type": "item",
          "name": "scguns:raw_anthralite_block",
          "weight": 3,
          "functions": [
            {
              "function": "set_count",
              "count": {
                "min": 2,
                "max": 4
              }
            }
          ]
        },
        {
          "type": "item",
          "name": "scguns:treated_iron_block",
          "weight": 3,
          "functions": [
            {
              "function": "set_count",
              "count": {
                "min": 2,
                "max": 4
              }
            }
          ]
        },
        {
          "type": "item",
          "name": "minecraft:glowstone",
          "weight": 3,
          "functions": [
            {
              "function": "set_count",
              "count": {
                "min": 8,
                "max": 12
              }
            }
          ]
        },
        {
          "type": "item",
          "name": "minecraft:obsidian",
          "weight": 3,
          "functions": [
            {
              "function": "set_count",
              "count": {
                "min": 8,
                "max": 12
              }
            }
          ]
        },
        {
          "type": "item",
          "name": "minecraft:quartz",
          "weight": 3,
          "functions": [
            {
              "function": "set_count",
              "count": {
                "min": 16,
                "max": 24
              }
            }
          ]		  
        },
        {
          "type": "item",
          "name": "minecraft:experience_bottle",
          "weight": 3,
          "functions": [
            {
              "function": "set_count",
              "count": {
                "min": 16,
                "max": 24
              }
            }
          ]		  
        },
        {
          "type": "item",
          "name": "minecraft:potion",
          "entryName":"dimdungeons:potion_luck",
          "weight": 3,
          "functions": [
            {
              "function": "set_nbt",
              "tag": "{Potion:\"minecraft:luck\"}"
            },
            {
              "function": "set_count",
              "count": {
                "min": 1,
                "max": 2
              }
            }
          ]
        },
        {
          "type": "item",
          "name": "minecraft:echo_shard",
          "weight": 3,
          "functions": [
            {
              "function": "set_count",
              "count": {
                "min": 1,
                "max": 3
              }
            }
          ]
        },
        {
          "type": "item",
          "name": "botania:black_lotus",
          "weight": 3,
          "functions": [
            {
              "function": "set_count",
              "count": {
                "min": 1,
                "max": 3
              }
            }
          ]
        },
        {
          "type": "item",
          "name": "minecraft:potion",
          "entryName":"dimdungeons:potion_strong_swiftness",
          "weight": 3,
          "functions": [
            {
              "function": "set_nbt",
              "tag": "{Potion:\"minecraft:strong_swiftness\"}"
            },
            {
              "function": "set_count",
              "count": {
                "min": 1,
                "max": 2
              }
            }			
          ]
        },
        {
          "type": "item",
          "name": "dimdungeons:item_homeward_pearl",
          "weight": 4,
          "functions": [
            {
              "function": "set_count",
              "count": {
                "min": 1,
                "max": 3
              }
            }
          ]
        },		
        {
          "type": "item",
          "name": "minecraft:firework_rocket",
          "weight": 3,
          "functions": [
            {
              "function": "set_count",
              "count": {
                "min": 24,
                "max": 40
              }
            }
          ]
        },
        {
          "type": "item",
          "name": "minecraft:map",
          "weight": 3,
          "functions": [
            {
              "function": "set_count",
              "count": {
                "min": 1,
                "max": 2
              }
            }
          ]
        },
        {
          "type": "item",
          "name": "minecraft:slime_ball",
          "weight": 3,
          "functions": [
            {
              "function": "set_count",
              "count": {
                "min": 8,
                "max": 12
              }
            }
          ]
        },
        {
          "type": "item",
          "name": "minecraft:ender_pearl",
          "weight": 3,
          "functions": [
            {
              "function": "set_count",
              "count": {
                "min": 4,
                "max": 6
              }
            }
          ]
        },
        {
          "type": "item",
          "name": "minecraft:name_tag",
          "weight": 4,
          "functions": [
            {
              "function": "set_count",
              "count": {
                "min": 1,
                "max": 2
              }
            }
          ]
        },		
        {
          "type": "loot_table",
          "name": "dimdungeons:chests/kit_random",
          "weight": 20
        },
        {
          "type": "loot_table",
          "name": "dimdungeons:chests/trophy_1",
          "weight": 1
        },
        {
          "type": "loot_table",
          "name": "dimdungeons:chests/chestbooks_1",
          "weight": 32
        }
      ]
    }
  ]
}