{
  "pools": [
    {
      "rolls": {
        "min": 1,
        "max": 1
      },
  	  "name":"dimdungeons:chestbooks_3",	  
      "entries": [
        {
		  "type": "item",
		  "name": "minecraft:enchanted_book",
		  "entryName": "dimdungeons:ebook_combo_mending",
		  "weight": 4,
		  "functions": [
		    {
			  "function": "set_nbt",
			  "tag": "{StoredEnchantments:[{id:\"minecraft:unbreaking\",lvl:3},{id:\"minecraft:mending\",lvl:1}]}"
			}
		  ]
		},
        {
		  "type": "item",
		  "name": "minecraft:enchanted_book",
		  "entryName": "dimdungeons:ebook_combo_silk_touch",
		  "weight": 2,
		  "functions": [
		    {
			  "function": "set_nbt",
			  "tag": "{StoredEnchantments:[{id:\"minecraft:unbreaking\",lvl:3},{id:\"minecraft:silk_touch\",lvl:1}]}"
			}
		  ]
		},
        {
		  "type": "item",
		  "name": "minecraft:enchanted_book",
		  "entryName": "dimdungeons:ebook_combo_fortune",
		  "weight": 2,
		  "functions": [
		    {
			  "function": "set_nbt",
			  "tag": "{StoredEnchantments:[{id:\"minecraft:efficiency\",lvl:5},{id:\"minecraft:fortune\",lvl:3}]}"
			}
		  ]
		},
        {
		  "type": "item",
		  "name": "minecraft:enchanted_book",
		  "entryName": "dimdungeons:ebook_combo_boots",
		  "weight": 2,
		  "functions": [
		    {
			  "function": "set_nbt",
			  "tag": "{StoredEnchantments:[{id:\"minecraft:protection\",lvl:4},{id:\"minecraft:feather_falling\",lvl:4}]}"
			}
		  ]
		},
        {
		  "type": "item",
		  "name": "minecraft:enchanted_book",
		  "entryName": "dimdungeons:ebook_combo_helm",
		  "weight": 2,
		  "functions": [
		    {
			  "function": "set_nbt",
			  "tag": "{StoredEnchantments:[{id:\"minecraft:respiration\",lvl:3},{id:\"minecraft:aqua_affinity\",lvl:1}]}"
			}
		  ]
		},
        {
		  "type": "item",
		  "name": "minecraft:enchanted_book",
		  "entryName": "dimdungeons:ebook_combo_chest",
		  "weight": 2,
		  "functions": [
		    {
			  "function": "set_nbt",
			  "tag": "{StoredEnchantments:[{id:\"minecraft:protection\",lvl:4},{id:\"minecraft:thorns\",lvl:3}]}"
			}
		  ]
		},
        {
		  "type": "item",
		  "name": "minecraft:enchanted_book",
		  "entryName": "dimdungeons:ebook_combo_axe",
		  "weight": 2,
		  "functions": [
		    {
			  "function": "set_nbt",
			  "tag": "{StoredEnchantments:[{id:\"minecraft:efficiency\",lvl:5},{id:\"minecraft:sharpness\",lvl:5}]}"
			}
		  ]
		},
        {
		  "type": "item",
		  "name": "minecraft:enchanted_book",
		  "entryName": "dimdungeons:ebook_combo_bow_infinity",
		  "weight": 2,
		  "functions": [
		    {
			  "function": "set_nbt",
			  "tag": "{StoredEnchantments:[{id:\"minecraft:power\",lvl:5},{id:\"minecraft:infinity\",lvl:1}]}"
			}
		  ]
		},
        {
		  "type": "item",
		  "name": "minecraft:enchanted_book",
		  "entryName": "dimdungeons:ebook_combo_bow_mending",
		  "weight": 2,
		  "functions": [
		    {
			  "function": "set_nbt",
			  "tag": "{StoredEnchantments:[{id:\"minecraft:power\",lvl:5},{id:\"minecraft:mending\",lvl:1}]}"
			}
		  ]
		},
        {
		  "type": "item",
		  "name": "minecraft:enchanted_book",
		  "entryName": "dimdungeons:ebook_combo_xbow_piercing",
		  "weight": 2,
		  "functions": [
		    {
			  "function": "set_nbt",
			  "tag": "{StoredEnchantments:[{id:\"minecraft:quick_charge\",lvl:3},{id:\"minecraft:piercing\",lvl:4}]}"
			}
		  ]
		},
        {
		  "type": "item",
		  "name": "minecraft:enchanted_book",
		  "entryName": "dimdungeons:ebook_combo_xbow_multishot",
		  "weight": 2,
		  "functions": [
		    {
			  "function": "set_nbt",
			  "tag": "{StoredEnchantments:[{id:\"minecraft:quick_charge\",lvl:3},{id:\"minecraft:multishot\",lvl:1}]}"
			}
		  ]
		},
        {
		  "type": "item",
		  "name": "minecraft:enchanted_book",
		  "entryName": "dimdungeons:ebook_combo_trident_loyalty",
		  "weight": 2,
		  "functions": [
		    {
			  "function": "set_nbt",
			  "tag": "{StoredEnchantments:[{id:\"minecraft:impaling\",lvl:5},{id:\"minecraft:loyalty\",lvl:3}]}"
			}
		  ]
		},
        {
		  "type": "item",
		  "name": "minecraft:enchanted_book",
		  "entryName": "dimdungeons:ebook_combo_trident_riptide",
		  "weight": 2,
		  "functions": [
		    {
			  "function": "set_nbt",
			  "tag": "{StoredEnchantments:[{id:\"minecraft:impaling\",lvl:5},{id:\"minecraft:riptide\",lvl:3}]}"
			}
		  ]
		},
        {
		  "type": "item",
		  "name": "minecraft:enchanted_book",
		  "entryName": "dimdungeons:ebook_combo_sword_looting",
		  "weight": 2,
		  "functions": [
		    {
			  "function": "set_nbt",
			  "tag": "{StoredEnchantments:[{id:\"minecraft:sharpness\",lvl:5},{id:\"minecraft:looting\",lvl:3}]}"
			}
		  ]
		},	
        {
		  "type": "item",
		  "name": "minecraft:enchanted_book",
		  "entryName": "dimdungeons:ebook_combo_sword_sweeping",
		  "weight": 2,
		  "functions": [
		    {
			  "function": "set_nbt",
			  "tag": "{StoredEnchantments:[{id:\"minecraft:sharpness\",lvl:5},{id:\"minecraft:sweeping\",lvl:3}]}"
			}
		  ]
		}		
      ]
    }
  ]
}