{
  "pools": [
    {
      "rolls": 27,
  	  "name":"dimdungeons:kit_redstone",
      "entries": [
        {
          "type": "item",
          "name": "minecraft:redstone",
          "weight": 20,
          "functions": [
            {
              "function": "set_count",
              "count": 1
            }
          ]
        },
        {
          "type": "item",
          "name": "minecraft:piston",
          "weight": 1,
          "functions": [
            {
              "function": "set_count",
              "count": 1
            }
          ]
        },
        {
          "type": "item",
          "name": "minecraft:sticky_piston",
          "weight": 1,
          "functions": [
            {
              "function": "set_count",
              "count": 1
            }
          ]
        },
        {
          "type": "item",
          "name": "minecraft:redstone_torch",
          "weight": 2,
          "functions": [
            {
              "function": "set_count",
              "count": 1
            }
          ]
        },
        {
          "type": "item",
          "name": "minecraft:hopper",
          "weight": 4,
          "functions": [
            {
              "function": "set_count",
              "count": 1
            }
          ]
        },
        {
          "type": "item",
          "name": "minecraft:repeater",
          "weight": 2,
          "functions": [
            {
              "function": "set_count",
              "count": 1
            }
          ]
        },
        {
          "type": "item",
          "name": "minecraft:comparator",
          "weight": 1,
          "functions": [
            {
              "function": "set_count",
              "count": 1
            }
          ]
        },
        {
          "type": "item",
          "name": "minecraft:daylight_detector",
          "weight": 1,
          "functions": [
            {
              "function": "set_count",
              "count": 1
            }
          ]
        },
        {
          "type": "item",
          "name": "minecraft:redstone_lamp",
          "weight": 1,
          "functions": [
            {
              "function": "set_count",
              "count": 1
            }
          ]
        },		
        {
          "type": "item",
          "name": "minecraft:observer",
          "weight": 1,
          "functions": [
            {
              "function": "set_count",
              "count": 1
            }
          ]
        }
      ]
    }
  ]
}