{
	"pools": [
		{
			"rolls": {
				"min": 1,
				"max": 1
			},
			"name": "dimdungeons:trophy_list",
			"entries": [
				{
					"type": "item",
					"name": "dimdungeons:item_trophy_1",
					"weight": 10,
					"functions": [
						{
							"function": "minecraft:set_lore",
							"lore": [
								{
									"text": "Trophy 1/8",
									"color": "aqua"
								},
								{
									"text": "A rare mushroom. It will not grow on mycelium.",
									"color": "aqua"
								},
								[
									{
										"text": "Found by: ",
										"color": "gold"
									},
									{
										"selector": "@s"
									}
								]
							],
							"entity": "this",
							"replace": "true"
						},
						{
							"function": "minecraft:set_name",
							"name": {
								"text": "1UP Mushroom",
								"color": "yellow",
								"bold": "true"
							}
						}
					]
				},
				{
					"type": "item",
					"name": "dimdungeons:item_trophy_2",
					"weight": 10,
					"functions": [
						{
							"function": "minecraft:set_lore",
							"lore": [
								{
									"text": "Trophy 2/8",
									"color": "aqua"
								},
								{
									"text": "This blessed sword sleeps, waiting for a specific hero.",
									"color": "aqua"
								},
								[
									{
										"text": "Found by: ",
										"color": "gold"
									},
									{
										"selector": "@s"
									}
								]
							],
							"entity": "this",
							"replace": "true"
						},
						{
							"function": "minecraft:set_name",
							"name": {
								"text": "Master Sword",
								"color": "yellow",
								"bold": "true"
							}
						}
					]
				},
				{
					"type": "item",
					"name": "dimdungeons:item_trophy_3",
					"weight": 10,
					"functions": [
						{
							"function": "minecraft:set_lore",
							"lore": [
								{
									"text": "Trophy 3/8",
									"color": "aqua"
								},
								{
									"text": "A coveted symbol of greed. But aren't diamonds worth more than stone?",
									"color": "aqua"
								},
								[
									{
										"text": "Found by: ",
										"color": "gold"
									},
									{
										"selector": "@s"
									}
								]
							],
							"entity": "this",
							"replace": "true"
						},
						{
							"function": "minecraft:set_name",
							"name": {
								"text": "Ist Rune",
								"color": "yellow",
								"bold": "true"
							}
						}
					]					
				},
				{
					"type": "item",
					"name": "dimdungeons:item_trophy_4",
					"weight": 10,
					"functions": [
						{
							"function": "minecraft:set_lore",
							"lore": [
								{
									"text": "Trophy 4/8",
									"color": "aqua"
								},
								{
									"text": "A most legendary yoyo from another world's moon.",
									"color": "aqua"
								},
								[
									{
										"text": "Found by: ",
										"color": "gold"
									},
									{
										"selector": "@s"
									}
								]
							],
							"entity": "this",
							"replace": "true"
						},
						{
							"function": "minecraft:set_name",
							"name": {
								"text": "The Terrarian",
								"color": "yellow",
								"bold": "true"
							}
						}
					]					
				},
				{
					"type": "item",
					"name": "dimdungeons:item_trophy_5",
					"weight": 10,
					"functions": [
						{
							"function": "minecraft:set_lore",
							"lore": [
								{
									"text": "Trophy 5/8",
									"color": "aqua"
								},
								{
									"text": "A powerful mining tool from a far away galaxy.",
									"color": "aqua"
								},
								[
									{
										"text": "Found by: ",
										"color": "gold"
									},
									{
										"selector": "@s"
									}
								]
							],
							"entity": "this",
							"replace": "true"
						},
						{
							"function": "minecraft:set_name",
							"name": {
								"text": "Matter Manipulator",
								"color": "yellow",
								"bold": "true"
							}
						}
					]					
				},
				{
					"type": "item",
					"name": "dimdungeons:item_trophy_6",
					"weight": 10,
					"functions": [
						{
							"function": "minecraft:set_lore",
							"lore": [
								{
									"text": "Trophy 6/8",
									"color": "aqua"
								},
								{
									"text": "Give this to a friend in the name of jolly cooperation!",
									"color": "aqua"
								},
								[
									{
										"text": "Found by: ",
										"color": "gold"
									},
									{
										"selector": "@s"
									}
								]
							],
							"entity": "this",
							"replace": "true"
						},
						{
							"function": "minecraft:set_name",
							"name": {
								"text": "Sunlight Medal",
								"color": "yellow",
								"bold": "true"
							}
						}
					]					
				},
				{
					"type": "item",
					"name": "dimdungeons:item_trophy_7",
					"weight": 10,
					"functions": [
						{
							"function": "minecraft:set_lore",
							"lore": [
								{
									"text": "Trophy 7/8",
									"color": "aqua"
								},
								{
									"text": "What purpose does this magenta terracotta pressure plate serve?",
									"color": "aqua"
								},
								[
									{
										"text": "Found by: ",
										"color": "gold"
									},
									{
										"selector": "@s"
									}
								]
							],
							"entity": "this",
							"replace": "true"
						},
						{
							"function": "minecraft:set_name",
							"name": {
								"text": "Pink Arrow Panel",
								"color": "yellow",
								"bold": "true"
							}
						}
					]					
				},
				{
					"type": "item",
					"name": "dimdungeons:item_trophy_8",					
					"weight": 10,
					"functions": [
						{
							"function": "minecraft:set_lore",
							"lore": [
								{
									"text": "Trophy 8/8",
									"color": "aqua"
								},
								{
									"text": "An image of a mischievous octopus from another world.",
									"color": "aqua"
								},
								[
									{
										"text": "Found by: ",
										"color": "gold"
									},
									{
										"selector": "@s"
									}
								]
							],
							"entity": "this",
							"replace": "true"
						},
						{
							"function": "minecraft:set_name",
							"name": {
								"text": "Ultros Painting",
								"color": "yellow",
								"bold": "true"
							}
						}
					]					
				}
			]
		}
	]
}
