{
  "type": "create:sequenced_assembly",
  "ingredient": {
    "item": "scguns:medium_brass_casing"
  },
  "loops": 1,
  "results": [
    {
      "item": "scguns:advanced_round"
    }
  ],
  "sequence": [
    {
      "type": "create:deploying",
      "ingredients": [
        {
          "item": "scguns:unfinished_advanced_round"
        },
        [
          {
            "tag": "scguns:gunpowder_dust"
          }
        ]
      ],
      "results": [
        {
          "item": "scguns:unfinished_advanced_round"
        }
      ]
    },
    {
      "type": "create:deploying",
      "ingredients": [
        {
          "item": "scguns:unfinished_advanced_round"
        },
        [
          {
            "tag": "scguns:advanced_bullet_tips"
          }
        ]
      ],
      "results": [
        {
          "item": "scguns:unfinished_advanced_round"
        }
      ]
    },
    {
      "type": "create:pressing",
      "ingredients": [
        {
          "item": "scguns:unfinished_advanced_round"
        }
      ],
      "results": [
        {
          "item": "scguns:unfinished_advanced_round"
        }
      ]
    }
  ],
  "transitionalItem": {
    "item": "scguns:unfinished_advanced_round"
  }
}