{
  "type": "create:sequenced_assembly",
  "ingredient": {
    "item": "minecraft:paper"
  },
  "loops": 1,
  "results": [
    {
      "item": "scguns:bearpack_shell"
    }
  ],
  "sequence": [
    {
      "type": "create:deploying",
      "ingredients": [
        {
          "item": "scguns:unfinished_bearpack_shell"
        },
        [
          {
            "item": "scguns:medium_brass_casing"
          }
        ]
      ],
      "results": [
        {
          "item": "scguns:unfinished_bearpack_shell"
        }
      ]
    },
    {
      "type": "create:deploying",
      "ingredients": [
        {
          "item": "scguns:unfinished_bearpack_shell"
        },
        [
          {
            "item": "scguns:nitro_powder_dust"
          }
        ]
      ],
      "results": [
        {
          "item": "scguns:unfinished_bearpack_shell"
        }
      ]
    },
    {
      "type": "create:pressing",
      "ingredients": [
        {
          "item": "scguns:unfinished_bearpack_shell"
        }
      ],
      "results": [
        {
          "item": "scguns:unfinished_bearpack_shell"
        }
      ]
    }
  ],
  "transitionalItem": {
    "item": "scguns:unfinished_bearpack_shell"
  }
}