{
  "type": "create:sequenced_assembly",
  "ingredient": {
    "item": "scguns:large_iron_casing"
  },
  "loops": 1,
  "results": [
    {
      "item": "scguns:blaze_fuel"
    }
  ],
  "sequence": [
    {
      "type": "create:deploying",
      "ingredients": [
        {
          "item": "scguns:unfinished_blaze_fuel"
        },
        [
          {
            "item": "minecraft:blaze_powder"
          }
        ]
      ],
      "results": [
        {
          "item": "scguns:unfinished_blaze_fuel"
        }
      ]
    },
    {
      "type": "create:deploying",
      "ingredients": [
        {
          "item": "scguns:unfinished_blaze_fuel"
        },
        [
          {
            "tag": "scguns:stan_bullet_tips"
          }
        ]
      ],
      "results": [
        {
          "item": "scguns:unfinished_blaze_fuel"
        }
      ]
    },
    {
      "type": "create:pressing",
      "ingredients": [
        {
          "item": "scguns:unfinished_blaze_fuel"
        }
      ],
      "results": [
        {
          "item": "scguns:unfinished_blaze_fuel"
        }
      ]
    }
  ],
  "transitionalItem": {
    "item": "scguns:unfinished_blaze_fuel"
  }
}