{
  "type": "create:sequenced_assembly",
  "ingredient": {
    "tag": "scguns:stan_bullet_tips"
  },
  "loops": 1,
  "results": [
    {
      "item": "scguns:microjet"
    }
  ],
  "sequence": [
    {
      "type": "create:deploying",
      "ingredients": [
        {
          "item": "scguns:unfinished_microjet"
        },
        [
          {
            "tag": "forge:gunpowder"
          }
        ]
      ],
      "results": [
        {
          "item": "scguns:unfinished_microjet"
        }
      ]
    },
    {
      "type": "create:deploying",
      "ingredients": [
        {
          "item": "scguns:unfinished_microjet"
        },
        [
          {
            "item": "scguns:small_iron_casing"
          }
        ]
      ],
      "results": [
        {
          "item": "scguns:unfinished_microjet"
        }
      ]
    },
    {
      "type": "create:pressing",
      "ingredients": [
        {
          "item": "scguns:unfinished_microjet"
        }
      ],
      "results": [
        {
          "item": "scguns:unfinished_microjet"
        }
      ]
    }
  ],
  "transitionalItem": {
    "item": "scguns:unfinished_microjet"
  }
}