{
  "replace": true,
  "values": [
    {
      "id":"artifacts:everlasting_beef",
      "required":false
    },
    {
      "id":"artifacts:eternal_steak",
      "required":false
    },	
    {
      "id":"born_in_chaos_v1:stimulating_decoction",
      "required":false
    },
    {
      "id":"born_in_chaos_v1:intoxicating_decoction",
      "required":false
    },
    {
      "id":"born_in_chaos_v1:elixir_of_vampirism",
      "required":false
    },
    {
      "id":"born_in_chaos_v1:potion_of_rampage",
      "required":false
    },
    {
      "id":"born_in_chaos_v1:bottle_of_magical_energy",
      "required":false
    },
    {
      "id":"born_in_chaos_v1:transmuting_elixir",
      "required":false
    }	  
  ]
}