{
  "type": "scguns:gun_bench",
  "result": {
    "item": "scguns:empty_blasphemy",
    "count": 1
  },
  "ingredients": {
    "blueprint": {
      "item": "scguns:piglin_blueprint"
    },
    "gun_internal_1": {
      "tag": "minecraft:wool"
    },
    "gun_internal_2": {
      "item": "scguns:heavy_gun_parts"
    },
    "gun_top_internal_2": {
      "item": "scguns:anthralite_ingot"
    },
    "gun_barrel_1": {
      "item": "scguns:anthralite_ingot"
    },
    "gun_barrel_2": {
      "item": "scguns:gun_barrel"
    },
    "gun_top_barrel_1": {
      "item": "minecraft:iron_ingot"
    }
  }
}
