{
    "entity": "minecraft:chicken",
    "variants": [
		"upgrade_aquatic:goose"
	],
    "name": "entity.minecraft.chicken",
    "name_color": "#F0EAD6",
    "gui_scale": 1.0,
    "gui_x_offset": 0.0,
    "gui_y_offset": 0.0,
    "gui_z_offset": 0.0,
    "sim_cost": 64,
    "input": {
        "item": "hostilenetworks:prediction_matrix",
        "count": 1
    },
    "base_drop": {
        "item": "hostilenetworks:overworld_prediction",
        "count": 1
    },
    "trivia": "hostilenetworks.trivia.chicken",
    "fabricator_drops": [
        {
            "item": "minecraft:chicken",
            "count": 32
        },
        {
            "item": "minecraft:feather",
            "count": 24
        },
        {
            "item": "minecraft:egg",
            "count": 8
        }
    ],
    "tier_data": [
        6,
        54,
        354,
        1254
    ],
    "data_per_kill": [
        1,
        4,
        10,
        18
    ]
}