{
    "entity": "minecraft:slime",
    "variants": [
        "tconstruct:earth_slime",
        "twilightforest:maze_slime",
        "twilightforest:slime_beetle"
    ],
    "name": "entity.minecraft.slime",
    "name_color": "#7BCA62",
    "gui_scale": 2,
    "gui_x_offset": 0,
    "gui_y_offset": 0,
    "gui_z_offset": 0,
    "sim_cost": 128,
    "input": {
        "item": "hostilenetworks:prediction_matrix"
    },
    "base_drop": {
        "item": "hostilenetworks:overworld_prediction"
    },
    "trivia": "hostilenetworks.trivia.slime",
    "fabricator_drops": [
        {
            "item": "minecraft:slime_ball",
            "count": 32
        },
        {
            "optional": true,
            "item": "reliquary:slime_pearl",
            "count": 2
        }
    ]
}