{
	"conditions": [
	{
		"type": "forge:mod_loaded",
		"modid": "alexsmobs"
	}
	],
    "entity": "alexsmobs:cachalot_whale",
    "name": "entity.alexsmobs.cachalot_whale",
    "name_color": "#6b6a71",
    "gui_scale": 0.1,
    "gui_x_offset": 0,
    "gui_y_offset": 0,
    "gui_z_offset": 0,
    "sim_cost": 64,
    "input": {
        "item": "hostilenetworks:prediction_matrix"
    },
    "base_drop": {
        "item": "hostilenetworks:overworld_prediction"
    },
    "trivia": "custom.trivia.cachalot_whale",
    "fabricator_drops": [
        {
            "item": "alexsmobs:cachalot_whale_tooth",
            "count": 8
        }
    ]
}