{
	"conditions": [
	{
		"type": "forge:mod_loaded",
		"modid": "alexsmobs"
	}
	],
    "entity": "alexsmobs:endergrade",
    "name": "entity.alexsmobs.endergrade",
    "name_color": "#7d9fdc",
    "gui_scale": 1,
    "gui_x_offset": 0,
    "gui_y_offset": 0,
    "gui_z_offset": 0,
    "sim_cost": 64,
    "input": {
        "item": "hostilenetworks:prediction_matrix"
    },
    "base_drop": {
        "item": "hostilenetworks:end_prediction"
    },
    "trivia": "custom.trivia.endergrade",
    "fabricator_drops": [
        {
			"optional": true,
            "item": "outer_end:floral_paste",
            "count": 16
        }
    ]
}