{
  "type": "create:mechanical_crafting",
  "acceptMirrored": true,
  "key": {
    "Q": {
      "item": "scguns:gun_grip"
    },
    "C": {
      "item": "minecraft:copper_ingot"
    },
    "L": {
      "item": "scguns:firing_unit"
    },
    "R": {
      "item": "scguns:heavy_gun_parts"
    },
    "S": {
      "item": "scguns:gun_barrel"
    },
    "X": {
      "tag": "minecraft:planks"
    },
    "P": {
      "item": "scguns:copper_blueprint"
    }
  },
  "pattern": [
    "CCP  ",
    "LRS  ",
    "Q X  "
  ],
  "result": {
    "item": "scguns:bruiser"
  }
}