{
  "type": "create:mechanical_crafting",
  "acceptMirrored": true,
  "key": {
    "Q": {
      "item": "scguns:gun_grip"
    },
    "C": {
      "tag": "minecraft:planks"
    },
    "L": {
      "item": "scguns:firing_unit"
    },
    "R": {
      "item": "scguns:gun_parts"
    },
    "S": {
      "item": "scguns:gun_barrel"
    },
    "I": {
      "item": "minecraft:copper_ingot"
    },
    "X": {
      "item": "scguns:copper_blueprint"
    },
    "E": {
      "item": "scguns:gun_magazine"
    }
  },
  "pattern": [
    "XIE  ",
    "LRS  ",
    "Q C  "
  ],
  "result": {
    "item": "scguns:scrapper"
  }
}