{
  "type": "create:mechanical_crafting",
  "acceptMirrored": true,
  "key": {
    "Q": {
      "item": "scguns:gun_grip"
    },
    "C": {
      "tag": "minecraft:planks"
    },
    "L": {
      "item": "scguns:firing_unit"
    },
    "R": {
      "item": "scguns:gun_magazine"
    },
    "S": {
      "item": "scguns:gun_barrel"
    },
    "I": {
      "item": "scguns:heavy_gun_parts"
    },
    "X": {
      "item": "scguns:treated_brass_ingot"
    },
    "O": {
      "item": "scguns:ocean_blueprint"
    }
  },
  "pattern": [
    "XIO  ",
    "LRSS ",
    "Q C  "
  ],
  "result": {
    "item": "scguns:sequoia"
  }
}