{
	"values": [
		{
			"required": false,
			"id": "immersiveengineering:revolver"
		},
		{
			"required": false,
			"id": "reliquary:handgun"
		},
		{
			"required": false,
			"id": "musketmod:musket"
		},
		{
			"required": false,
			"id": "musketmod:musket_with_scope"
		},
		{
			"required": false,
			"id": "musketmod:musket_with_bayonet"
		},
		{
			"required": false,
			"id": "musketmod:pistol"
		},
		{
			"required": false,
			"id": "scguns:flintlock_pistol"
		},
		{
			"required": false,
			"id": "scguns:handcannon"
		},
		{
			"required": false,
			"id": "scguns:musket"
		},
		{
			"required": false,
			"id": "scguns:blunderbuss"
		},
		{
			"required": false,
			"id": "scguns:repeating_musket"
		},
		{
			"required": false,
			"id": "scguns:laser_musket"
		}
	]
}