{
  "display": {
    "flash": {
      "size": 1.0,
      "yOffset": 4.0,
      "zOffset": -5.0
    },
    "muzzleFlashType": "flash_type_7"
  },
  "general": {
    "alwaysSpread": true,
    "fireMode": "scguns:semi_automatic",
    "gripType": "scguns:two_handed",
    "rate": 8,
    "projectileAmount": 3,
    "recoilAngle": 3.0,
    "recoilKick": 1.5,
    "spread": 3.0,
    "meleeDamage": 2.5,
    "meleeCooldownTicks": 20
  },
  "modules": {
    "attachments": {
      "scope": {
        "size": 0.8,
        "yOffset": 5.2,
        "zOffset": 5.2
      },
      "stock": {
        "scale": 0.0
      }

    },
    "zoom": {
      "fovModifier": 0.6,
      "yOffset": 5.7,
      "zOffset": -1.0
    }
  },
  "projectile": {
    "advantage": "scguns:water",
    "damage": 6.0,
    "ejectsCasing": true,
    "gravity": false,
    "item": "scguns:shock_cell",
    "casingType": "scguns:empty_cell",
    "life": 40,
    "size": 0.05,
    "speed": 8.0,
    "trailLengthMultiplier": 2.0
  },
  "reloads": {
    "emptyMagTimer": 10,
    "maxAmmo": 10,
    "reloadTimer": 30,
    "reloadType": "scguns:mag_fed"
  },
  "sounds": {
    "cock": "scguns:item.makeshift_rifle.cock",
    "enchantedFire": "scguns:item.shock.fire",
    "fire": "scguns:item.shock.fire",
    "reload": "scguns:item.gauss.reload",
    "silencedFire": "scguns:item.shock.silenced_fire"
  }
}