{
  "display": {
    "flash": {
      "size": 0.8,
      "yOffset": 3.4,
      "zOffset": -4.5
    },
    "muzzleFlashType": "flash_type_5"
  },
  "general": {
    "alwaysSpread": true,
    "fireMode": "scguns:automatic",
    "gripType": "scguns:one_handed_2",
    "rate": 7,
    "projectileAmount": 3,
    "recoilAngle": 4.0,
    "recoilKick": 0.5,
    "spread": 5.0,
    "meleeDamage": 3.0,
    "meleeCooldownTicks": 10
  },
  "modules": {
    "attachments": {

    }
  },
  "projectile": {
    "advantage": "scguns:none",
    "damage": 8.5,
    "gravity": false,
    "item": "scguns:blaze_fuel",
    "casingType": "scguns:large_iron_casing",
    "life": 28,
    "size": 0.1,
    "speed": 2.0,
    "trailLengthMultiplier": 2.0
  },
  "reloads": {
    "emptyMagTimer": 10,
    "maxAmmo": 5,
    "reloadItem": "scguns:blaze_fuel",
    "reloadTimer": 10,
    "reloadType": "scguns:manual"
  },
  "sounds": {
    "cock": "scguns:item.pistol.cock",
    "enchantedFire": "scguns:item.flamethrower.fire_2",
    "fire": "scguns:item.flamethrower.fire_2",
    "reload": "scguns:item.flamethrower.reload"
  }
}