{
  "display": {
    "flash": {
      "size": 1.3,
      "yOffset": 3.8,
      "zOffset": -6.5
    },
    "muzzleFlashType": "flash_type_2"
  },
  "general": {
    "alwaysSpread": true,
    "fireMode": "scguns:semi_automatic",
    "gripType": "scguns:two_handed",
    "projectileAmount": 10,
    "rate": 6,
    "recoilAngle": 9.0,
    "recoilKick": 2.0,
    "spread": 13.0,
    "meleeDamage": 3.0,
    "meleeCooldownTicks": 20
  },
  "modules": {
    "attachments": {

      "stock": {
        "scale": 0.0
      },
      "underBarrel": {
        "yOffset": 5.5,
        "zOffset": -2.5
      }
    },
    "zoom": {
      "fovModifier": 0.6,
      "yOffset": 5.3,
      "zOffset": 1.5
    }
  },
  "projectile": {
    "advantage": "scguns:none",
    "damage": 15.0,
    "ejectsCasing": false,
    "gravity": false,
    "item": "scguns:grapeshot",
    "life": 30,
    "size": 1.0,
    "speed": 5.0,
    "trailLengthMultiplier": 2.0
  },
  "reloads": {
    "emptyMagTimer": 50,
    "maxAmmo": 1,
    "reloadItem": "scguns:grapeshot",
    "reloadTimer": 50,
    "reloadType": "scguns:mag_fed"
  },
  "sounds": {
    "cock": "scguns:item.pistol.cock",
    "enchantedFire": "scguns:item.blackpowder.fire",
    "fire": "scguns:item.blackpowder.fire",
    "reload": "scguns:item.gauss.reload"
  }
}