{
  "display": {
    "flash": {
      "size": 1.0,
      "yOffset": 4.8,
      "zOffset": -15.0
    },
    "muzzleFlashType": "flash_type_1"
  },
  "general": {
    "alwaysSpread": false,
    "fireMode": "scguns:automatic",
    "gripType": "scguns:two_handed",
    "rate": 4,
    "recoilAngle": 2.0,
    "recoilKick": 0.8,
    "spread": 1.6,
    "meleeDamage": 3.0,
    "meleeCooldownTicks": 20
  },
  "modules": {
    "attachments": {
      "barrel": {
        "yOffset": 4.8,
        "zOffset": -17.2
      },
      "scope": {
        "size": 0.8,
        "yOffset": 7.7,
        "zOffset": 4.8
      },
      "stock": {
        "scale": 0.0
      },
      "underBarrel": {
        "yOffset": 5.5,
        "zOffset": -2.5
      }
    },
    "zoom": {
      "fovModifier": 0.6,
      "yOffset": 8.0,
      "zOffset": 0.75
    }
  },
  "projectile": {
    "advantage": "scguns:none",
    "damage": 8.5,
    "ejectsCasing": true,
    "gravity": false,
    "item": "scguns:advanced_round",
    "casingType": "scguns:medium_brass_casing",
    "life": 50,
    "size": 0.1,
    "speed": 6.5,
    "trailLengthMultiplier": 2.0
  },
  "reloads": {
    "emptyMagTimer": 10,
    "maxAmmo": 46,
    "reloadItem": "scguns:advanced_round",
    "reloadTimer": 35,
    "reloadType": "scguns:mag_fed"
  },
  "sounds": {
    "cock": "scguns:item.pistol.cock",
    "enchantedFire": "scguns:item.iron_rifle.fire",
    "fire": "scguns:item.iron_rifle.fire",
    "reload": "scguns:item.gauss.reload",
    "silencedFire": "scguns:item.bruiser.silenced_fire"
  }
}