{
  "display": {
    "flash": {
      "size": 1.8,
      "yOffset": 2.5,
      "zOffset": -10.0
    },
    "muzzleFlashType": "flash_type_1"
  },
  "general": {
    "fireMode": "scguns:automatic",
    "gripType": "scguns:mini_gun_2",
    "rate": 7,
    "recoilAngle": 2.0,
    "recoilKick": 3.0,
    "spread": 3.0,
    "meleeDamage": 4.0,
    "meleeCooldownTicks": 20
  },
  "modules": {
  },
  "projectile": {
    "advantage": "scguns:none",
    "damage": 15.5,
    "gravity": false,
    "ejectsCasing": true,
    "casingType": "scguns:small_iron_casing",
    "item": "scguns:microjet",
    "life": 50,
    "size": 1.0,
    "speed": 1.5,
    "trailLengthMultiplier": 2.0
  },
  "reloads": {
    "emptyMagTimer": 10,
    "maxAmmo": 18,
    "reloadItem": "scguns:microjet",
    "reloadTimer": 15,
    "reloadType": "scguns:manual"
  },
  "sounds": {
    "cock": "scguns:item.pistol.cock",
    "enchantedFire": "scguns:item.gyrojet.fire",
    "fire": "scguns:item.gyrojet.fire",
    "reload": "scguns:item.gauss.reload"
  }
}