{
  "display": {
    "flash": {
      "size": 1.24,
      "yOffset": 3.5,
      "zOffset": -6.0
    },
    "muzzleFlashType": "flash_type_2"
  },
  "general": {
    "alwaysSpread": true,
    "fireMode": "scguns:semi_automatic",
    "gripType": "scguns:two_handed",
    "projectileAmount": 20,
    "rate": 11,
    "recoilAngle": 10.0,
    "recoilKick": 0.5,
    "spread": 10.0,
    "meleeDamage": 3.5,
    "meleeCooldownTicks": 20
  },
  "modules": {
    "attachments": {
      "stock": {
        "scale": 0.0
      },
      "underBarrel": {
        "yOffset": 1.0,
        "zOffset": 1.0
      }
    },
    "zoom": {
      "fovModifier": 0.7,
      "yOffset": 5.2,
      "zOffset": 0.6
    }
  },
  "projectile": {
    "advantage": "scguns:fire",
    "damage": 16.0,
    "item": "scguns:grapeshot",
    "life": 30,
    "size": 0.05,
    "speed": 5.0,
    "trailLengthMultiplier": 2.0
  },
  "reloads": {
    "emptyMagTimer": 15,
    "maxAmmo": 4,
    "reloadItem": "scguns:grapeshot",
    "reloadTimer": 30,
    "reloadType": "scguns:manual"
  },
  "sounds": {
    "cock": "scguns:item.pistol.cock",
    "enchantedFire": "scguns:item.boomstick.fire",
    "fire": "scguns:item.boomstick.fire",
    "reload": "scguns:item.gauss.reload"
  }
}