{
  "display": {
    "flash": {
      "size": 1.0,
      "yOffset": 5.3,
      "zOffset": -9.2
    },
    "muzzleFlashType": "flash_type_1"
  },
  "general": {
    "alwaysSpread": true,
    "fireMode": "scguns:automatic",
    "gripType": "scguns:two_handed",
    "rate": 6,
    "recoilAngle": 9.5,
    "recoilKick": 2.5,
    "spread": 14.0,
    "projectileAmount": 22,
    "meleeDamage": 2.5,
    "meleeCooldownTicks": 20
  },
  "modules": {
    "attachments": {
      "barrel": {
        "yOffset": 5.3,
        "zOffset": -11.2
      },
      "stock": {
        "scale": 0.0
      },
      "magazine": {
        "scale": 0.0
      }, "underBarrel": {
        "yOffset": 5.5,
        "zOffset": -2.5
      }
    },
    "zoom": {
      "fovModifier": 0.6,
      "yOffset": 6.65,
      "zOffset": 0.75
    }
  },
  "projectile": {
    "advantage": "scguns:none",
    "damage": 20.0,
    "ejectsCasing": true,
    "gravity": false,
    "item": "scguns:shotgun_shell",
    "casingType": "scguns:small_copper_casing",
    "life": 24,
    "size": 0.1,
    "speed": 4.0,
    "trailLengthMultiplier": 2.0
  },
  "reloads": {
    "emptyMagTimer": 30,
    "maxAmmo": 12,
    "reloadItem": "scguns:shotgun_shell",
    "reloadTimer": 30,
    "reloadType": "scguns:mag_fed"
  },
  "sounds": {
    "cock": "scguns:item.pistol.cock",
    "enchantedFire": "scguns:item.combat_shotgun.fire",
    "fire": "scguns:item.combat_shotgun.fire",
    "reload": "scguns:item.gauss.reload",
    "silencedFire": "scguns:item.makeshift_rifle.silenced_fire"
  }
}