{
  "display": {
    "flash": {
      "size": 1.0,
      "yOffset": 4.7,
      "zOffset": -2.0
    },
    "muzzleFlashType": "flash_type_1"
  },
  "general": {
    "alwaysSpread": true,
    "fireMode": "scguns:semi_automatic",
    "gripType": "scguns:two_handed_one_handed",
    "rate": 6,
    "recoilAngle": 5.7,
    "recoilKick": 1.22,
    "spread": 2.0,
    "meleeDamage": 2.5,
    "meleeCooldownTicks": 10
  },
  "modules": {
    "attachments": {
      "barrel": {
        "yOffset": 4.7,
        "zOffset": -3.4
      },
      "scope": {
        "size": 0.8,
        "yOffset": 6.35,
        "zOffset": 5.2
      },
      "magazine": {
        "scale": 0.0
      }
    },
    "zoom": {
      "fovModifier": 0.6,
      "yOffset": 6.6,
      "zOffset": -1.5
    }
  },
  "projectile": {
    "advantage": "scguns:undead",
    "damage": 16.0,
    "ejectsCasing": true,
    "gravity": false,
    "item": "scguns:ramrod_round",
    "casingType": "scguns:small_iron_casing",
    "life": 60,
    "size": 0.1,
    "speed": 6.0,
    "trailLengthMultiplier": 2.0
  },
  "reloads": {
    "emptyMagTimer": 10,
    "maxAmmo": 8,
    "reloadItem": "scguns:ramrod_round",
    "reloadTimer": 35,
    "reloadType": "scguns:mag_fed"
  },
  "sounds": {
    "cock": "scguns:item.pistol.cock",
    "enchantedFire": "scguns:item.brass_pistol.fire",
    "fire": "scguns:item.brass_pistol.fire",
    "reload": "scguns:item.gauss.reload",
    "silencedFire": "scguns:item.bruiser.silenced_fire"
  }
}