{
  "display": {
    "flash": {
      "size": 0.8,
      "yOffset": 5.2,
      "zOffset": -6.0
    },
    "muzzleFlashType": "flash_type_1"
  },
  "general": {
    "fireMode": "scguns:semi_automatic",
    "gripType": "scguns:two_handed_one_handed",
    "rate": 8,
    "recoilAngle": 4.5,
    "recoilKick": 3.5,
    "spread": 1.0,
    "meleeDamage": 2.5,
    "meleeCooldownTicks": 10
  },
  "modules": {
    "attachments": {
      "barrel": {
        "yOffset": 5.2,
        "zOffset": -8.0
      },
      "stock": {
        "scale": 0.0
      },
      "scope": {
        "size": 0.7,
        "yOffset": 6.3,
        "zOffset": 4.0
      }
    },
    "zoom": {
      "fovModifier": 0.6,
      "yOffset": 6.6,
      "zOffset": 0.75
    }
  },
  "projectile": {
    "advantage": "scguns:none",
    "damage": 22.0,
    "gravity": false,
    "item": "scguns:beowulf_round",
    "casingType": "scguns:small_diamond_steel_casing",
    "life": 60,
    "size": 0.1,
    "speed": 5.5,
    "trailLengthMultiplier": 2.0
  },
  "reloads": {
    "emptyMagTimer": 10,
    "maxAmmo": 6,
    "reloadItem": "scguns:beowulf_round",
    "reloadTimer": 10,
    "reloadType": "scguns:manual"
  },
  "sounds": {
    "cock": "scguns:item.pistol.cock",
    "enchantedFire": "scguns:item.brass_revolver.fire",
    "fire": "scguns:item.brass_revolver.fire",
    "reload": "scguns:item.gauss.reload",
    "silencedFire": "scguns:item.bruiser.silenced_fire"
  }
}