{
  "display": {
    "flash": {
      "size": 1.0,
      "yOffset": 4.6,
      "zOffset": -9.0
    },
    "muzzleFlashType": "flash_type_3"
  },
  "general": {
    "alwaysSpread": false,
    "fireMode": "scguns:automatic",
    "gripType": "scguns:two_handed",
    "rate": 9,
    "recoilAngle": 2.5,
    "recoilKick": 0.5,
    "spread": 4.0,
    "meleeDamage": 2.5,
    "meleeCooldownTicks": 20
  },
  "modules": {
    "attachments": {
      "scope": {
        "size": 0.8,
        "yOffset": 6.0,
        "zOffset": 5.2
      },
      "stock": {
        "scale": 0.0
      },
      "underBarrel": {
        "yOffset": 5.5,
        "zOffset": -2.5
      },
      "magazine": {
        "scale": 0.0
      }
    },
    "zoom": {
      "fovModifier": 0.6,
      "yOffset": 6.3,
      "zOffset": 0.75
    }
  },
  "projectile": {
    "advantage": "scguns:none",
    "damage": 17.0,
    "ejectsCasing": true,
    "gravity": false,
    "item": "scguns:energy_cell",
    "casingType": "scguns:empty_cell",
    "life": 45,
    "size": 6.0,
    "speed": 2.0,
    "trailLengthMultiplier": 1.0
  },
  "reloads": {
    "emptyMagTimer": 10,
    "maxAmmo": 15,
    "reloadItem": "scguns:energy_cell",
    "reloadTimer": 35,
    "reloadType": "scguns:mag_fed"
  },
  "sounds": {
    "cock": "scguns:item.pistol.cock",
    "enchantedFire": "scguns:item.plasma.fire",
    "fire": "scguns:item.plasma.fire",
    "reload": "scguns:item.gauss.reload"
  }
}