{
  "display": {
    "flash": {
      "size": 1.0,
      "yOffset": 4.5,
      "zOffset": -4.8
    },
    "muzzleFlashType": "flash_type_5"
  },
  "general": {
    "fireMode": "scguns:pulse",
    "fireTimer": 15,
    "gripType": "scguns:one_handed_two_handed",
    "rate": 15,
    "recoilAngle": 8.0,
    "recoilKick": 0.5,
    "meleeDamage": 2.5,
    "meleeCooldownTicks": 10
  },
  "modules": {
    "attachments": {
      "stock": {
        "scale": 0.0
      },
      "scope": {
        "size": 0.7,
        "yOffset": 6.2,
        "zOffset": 4.6
      }
    },
    "zoom": {
      "fovModifier": 0.6,
      "yOffset": 6.7,
      "zOffset": 0.45
    }
  },
  "projectile": {
    "advantage": "scguns:none",
    "damage": 15.0,
    "ejectsCasing": true,
    "gravity": false,
    "item": "scguns:blaze_fuel",
    "casingType": "scguns:large_iron_casing",
    "life": 45,
    "size": 0.05,
    "speed": 14.0,
    "trailLengthMultiplier": 2.0
  },
  "reloads": {
    "emptyMagTimer": 10,
    "maxAmmo": 7,
    "reloadItem": "scguns:blaze_fuel",
    "reloadTimer": 30,
    "reloadType": "scguns:mag_fed"
  },
  "sounds": {
    "cock": "scguns:item.pistol.cock",
    "enchantedFire": "scguns:item.flamethrower.fire_2",
    "fire": "scguns:item.flamethrower.fire_2",
    "preFire": "scguns:item.flamethrower.pre_fire",
    "reload": "scguns:item.flamethrower.reload"
  }
}