{
  "display": {
    "flash": {
      "size": 0.8,
      "yOffset": 3.6,
      "zOffset": -4.5
    },
    "muzzleFlashType": "flash_type_2"
  },
  "general": {
    "alwaysSpread": true,
    "fireMode": "scguns:automatic",
    "gripType": "scguns:two_handed",
    "rate": 13,
    "recoilAngle": 10.0,
    "recoilKick": 3.0,
    "spread": 7.0,
    "meleeDamage": 2.5,
    "meleeCooldownTicks": 20
  },
  "modules": {
    "attachments": {
      "scope": {
        "yOffset": 5.5,
        "zOffset": 1.8
      },
      "stock": {
        "scale": 0.0
      },
      "underBarrel": {
        "yOffset": 1.5,
        "zOffset": 1.85
      }
    },
    "zoom": {
      "fovModifier": 0.6,
      "yOffset": 5.5,
      "zOffset": 0.75
    }
  },
  "projectile": {
    "advantage": "scguns:none",
    "damage": 6.5,
    "ejectsCasing": false,
    "gravity": false,
    "item": "scguns:powder_and_ball",
    "life": 30,
    "size": 1.0,
    "speed": 5.0,
    "trailLengthMultiplier": 2.0
  },
  "reloads": {
    "emptyMagTimer": 40,
    "maxAmmo": 5,
    "reloadItem": "scguns:powder_and_ball",
    "reloadTimer": 45,
    "reloadType": "scguns:manual"
  },
  "sounds": {
    "cock": "scguns:item.pistol.cock",
    "enchantedFire": "scguns:item.blackpowder.fire",
    "fire": "scguns:item.blackpowder.fire",
    "reload": "scguns:item.gauss.reload"
  }
}