{
  "display": {
    "flash": {
      "size": 1.3,
      "yOffset": 4.7,
      "zOffset": -8.0
    },
    "muzzleFlashType": "flash_type_1"
  },
  "general": {
    "alwaysSpread": false,
    "fireMode": "scguns:semi_automatic",
    "gripType": "scguns:two_handed",
    "rate": 3,
    "recoilAngle": 6.7,
    "recoilKick": 2.22,
    "spread": 2.5,
    "meleeDamage": 2.5,
    "meleeCooldownTicks": 20
  },
  "modules": {
    "attachments": {
      "scope": {
        "size": 0.7,
        "yOffset": 6.2,
        "zOffset": 5.4
      },
      "stock": {
        "scale": 0.0
      },
      "underBarrel": {
        "yOffset": 5.5,
        "zOffset": -2.5
      }
    },
    "zoom": {
      "fovModifier": 0.6,
      "yOffset": 6.4,
      "zOffset": 0.75
    }
  },
  "projectile": {
    "advantage": "scguns:none",
    "damage": 12.0,
    "ejectsCasing": false,
    "gravity": false,
    "item": "scguns:rocket",
    "life": 55,
    "size": 0.05,
    "speed": 4.0,
    "trailLengthMultiplier": 2.0
  },
  "reloads": {
    "emptyMagTimer": 30,
    "maxAmmo": 1,
    "reloadItem": "scguns:rocket",
    "reloadTimer": 40,
    "reloadType": "scguns:manual"
  },
  "sounds": {
    "cock": "scguns:item.pistol.cock",
    "enchantedFire": "scguns:item.rocket_rifle.fire",
    "fire": "scguns:item.rocket_rifle.fire",
    "reload": "scguns:item.gauss.reload"
  }
}