{
  "display": {
    "flash": {
      "size": 1.0,
      "yOffset": 3.6,
      "zOffset": -9.5
    },
    "muzzleFlashType": "flash_type_5"
  },
  "general": {
    "alwaysSpread": true,
    "fireMode": "scguns:automatic",
    "gripType": "scguns:mini_gun",
    "projectileAmount": 5,
    "rate": 3,
    "recoilAngle": 3.0,
    "recoilKick": 0.5,
    "spread": 10.0,
    "meleeDamage": 3.5,
    "meleeCooldownTicks": 20
  },
  "modules": {
    "attachments": {
      "barrel": {
        "yOffset": 3.0,
        "zOffset": -1.6
      },
      "stock": {
        "scale": 0.0
      }
    }
  },
  "projectile": {
    "advantage": "scguns:none",
    "damage": 9.0,
    "gravity": true,
    "ejectsCasing": false,
    "item": "scguns:blaze_fuel",
    "casingType": "scguns:large_iron_casing",
    "life": 12,
    "size": 0.1,
    "speed": 1.0,
    "trailLengthMultiplier": 2.0
  },
  "reloads": {
    "emptyMagTimer": 10,
    "maxAmmo": 20,
    "reloadItem": "scguns:fuel",
    "reloadTimer": 30,
    "reloadType": "scguns:mag_fed"
  },
  "sounds": {
    "cock": "scguns:item.pistol.cock",
    "fire": "scguns:item.flamethrower.fire_2",
    "reload": "scguns:item.flamethrower.reload"
  }
}