{
  "display": {
    "flash": {
      "size": 1.5,
      "yOffset": 3.8,
      "zOffset": -14.0
    },
    "muzzleFlashType": "flash_type_5"
  },
  "general": {
    "alwaysSpread": true,
    "fireMode": "scguns:semi_automatic",
    "gripType": "scguns:two_handed",
    "projectileAmount": 15,
    "rate": 3,
    "recoilAngle": 10.0,
    "recoilKick": 2.0,
    "spread": 19.0,
    "meleeDamage": 6.0,
    "meleeCooldownTicks": 20
  },
  "modules": {
    "attachments": {

    },
    "zoom": {
      "fovModifier": 0.7,
      "yOffset": 6.5,
      "zOffset": 0.6
    }
  },
  "projectile": {
    "advantage": "scguns:none",
    "damage": 15.0,
    "item": "scguns:shotgun_shell",
    "casingType": "scguns:small_copper_casing",
    "life": 20,
    "size": 0.05,
    "speed": 4.0,
    "trailLengthMultiplier": 2.0
  },
  "reloads": {
    "emptyMagTimer": 15,
    "maxAmmo": 2,
    "reloadItem": "scguns:shotgun_shell",
    "reloadTimer": 15,
    "reloadType": "scguns:manual"
  },
  "sounds": {
    "cock": "scguns:item.pistol.cock",
    "enchantedFire": "scguns:item.boomstick.fire",
    "fire": "scguns:item.boomstick.fire",
    "silencedFire": "scguns:item.combat_shotgun.silenced_fire",
    "reload": "scguns:item.gauss.reload"
  }
}