{
  "display": {
  },
  "general": {
    "alwaysSpread": true,
    "fireMode": "scguns:pulse",
    "fireTimer": 15,
    "gripType": "scguns:two_handed_shotgun",
    "projectileAmount": 14,
    "rate": 11,
    "recoilAngle": 1.5,
    "recoilKick": 1.0,
    "spread": 13.5,
    "meleeDamage": 3.5,
    "meleeCooldownTicks": 20,
    "energyUse": 35.0
  },
  "modules": {
    "attachments": {
      "scope": {
        "size": 0.8,
        "yOffset": 5.7,
        "zOffset": 5.2
      },
      "stock": {
        "scale": 0.0
      }
    },
    "zoom": {
      "fovModifier": 0.6,
      "yOffset": 6.1,
      "zOffset": 1.0
    }
  },
  "projectile": {
    "advantage": "scguns:none",
    "damage": 18.0,
    "ejectsCasing": false,
    "gravity": false,
    "item": "scguns:buckshot",
    "life": 50,
    "size": 1.0,
    "speed": 4.0,
    "trailLengthMultiplier": 0.2
  },
  "reloads": {
    "emptyMagTimer": 30,
    "maxAmmo": 4,
    "reloadItem": "scguns:advanced_bullet",
    "reloadTimer": 15,
    "reloadType": "scguns:manual"
  },
  "sounds": {
    "cock": "scguns:item.pistol.cock",
    "enchantedFire": "scguns:item.airgun.fire",
    "fire": "scguns:item.airgun.fire",
    "reload": "scguns:item.gauss.reload"
  }
}