{
    "type": "create:mechanical_crafting",
    "pattern": [
        "PMP",
        "BEB",
        "PMP"
    ],
    "key": {
        "M": {
            "item": "create:precision_mechanism"
        },
        "B": {
            "item": "born_in_chaos_v1:ethereal_spirit"
        },
        "E": {
            "type": "forge:nbt",
            "item": "productivebees:spawn_egg_configurable_bee",
            "nbt": "{EntityTag:{type:\"productivebees:iron\"}}"
        },
        "P": {
            "item": "born_in_chaos_v1:dark_metal_block"
        }
    },
    "result": {
        "type": "forge:nbt",
        "item": "productivebees:spawn_egg_configurable_bee",
        "nbt": "{EntityTag:{type:\"productivebees:dark_metal\"}}"
    },
    "conditions": [
        {
            "type": "productivebees:bee_exists",
            "bee": "productivebees:iron"
        },
        {
            "type": "productivebees:bee_exists",
            "bee": "productivebees:dark_metal"
        }
    ]
}