{
	"type": "celestisynth:starlit_factory",
		  "core_material": {
			"item": "celestisynth:starstruck_scrap"
		  },
		  "extra_core_material": {
            "type": "forge:nbt",
            "item": "productivebees:spawn_egg_configurable_bee",
            "nbt": "{EntityTag:{type:\"productivebees:lunar\"}}"
        },
		  "forging_time": 6000,
		  "result": {
        "type": "forge:nbt",
        "item": "productivebees:spawn_egg_configurable_bee",
        "nbt": "{EntityTag:{type:\"productivebees:starstruck\"}}"
		},
		  "supporting_core_material": {
			"item": "celestisynth:starstruck_scrap"
		  },
		  "supporting_material_bottom": {
			"item": "celestisynth:starstruck_feather"
		  },
		  "supporting_material_middle": {
			"item": "celestisynth:celestial_netherite_ingot"
		  },
		  "supporting_material_top": {
			"item": "celestisynth:starstruck_feather"
		  }
}