{
    "type": "create:mechanical_crafting",
    "pattern": [
        "PMP",
        "BEB",
        "PMP"
    ],
    "key": {
        "M": {
            "item": "create:precision_mechanism"
        },
        "B": {
            "item": "scguns:vent_collector"
        },
        "E": {
            "type": "forge:nbt",
            "item": "productivebees:spawn_egg_configurable_bee",
            "nbt": "{EntityTag:{type:\"productivebees:coal\"}}"
        },
        "P": {
            "item": "scguns:vehement_coal_block"
        }
    },
    "result": {
        "type": "forge:nbt",
        "item": "productivebees:spawn_egg_configurable_bee",
        "nbt": "{EntityTag:{type:\"productivebees:vehement\"}}"
    },
    "conditions": [
        {
            "type": "productivebees:bee_exists",
            "bee": "productivebees:brass"
        },
        {
            "type": "productivebees:bee_exists",
            "bee": "productivebees:vehement"
        }
    ]
}