{
	"conditions": [
	{
		"type": "forge:mod_loaded",
		"modid": "irons_spellbooks"
	}
	],
    "entity": "irons_spellbooks:dead_king",
    "name": "entity.irons_spellbooks.dead_king",
    "name_color": "#d99413",
    "gui_scale": 1.0,
    "gui_x_offset": 0.0,
    "gui_y_offset": 0.0,
    "gui_z_offset": 0.0,
    "sim_cost": 1024,
    "input": {
        "item": "hostilenetworks:prediction_matrix",
        "count": 1
    },
    "base_drop": {
        "item": "hostilenetworks:overworld_prediction",
        "count": 1
    },
    "trivia": "custom.trivia.dead_king",
    "fabricator_drops": [
        {
            "item": "irons_spellbooks:arcane_essence",
            "count": 32
        },
        {
            "item": "irons_spellbooks:blank_rune",
            "count": 1
        }
    ]
}