{
	"conditions": [
	{
		"type": "forge:mod_loaded",
		"modid": "irons_spellbooks"
	}
	],
    "entity": "irons_spellbooks:pyromancer",
    "name": "entity.irons_spellbooks.pyromancer",
    "name_color": "#dc6348",
    "gui_scale": 1.0,
    "gui_x_offset": 0.0,
    "gui_y_offset": 0.0,
    "gui_z_offset": 0.0,
    "sim_cost": 128,
    "input": {
        "item": "hostilenetworks:prediction_matrix",
        "count": 1
    },
    "base_drop": {
        "item": "hostilenetworks:overworld_prediction",
        "count": 1
    },
    "trivia": "custom.trivia.pyromancer",
    "fabricator_drops": [
        {
            "item": "irons_spellbooks:arcane_essence",
            "count": 8
        },
        {
            "item": "irons_spellbooks:fire_rune",
            "count": 1
        }
    ]
}